#CHROM,POS,REF,ALT,Observed,std,Expected,Relative Error
chr1,139191,C,T,0.2862295081967213,0.08938985651676275,0.33,0.13263785394932937
chr1,140820,A,C,0.03523880597014926,0.02920932268790265,0.06,0.412686567164179
chr1,472576,A,T,0.519051282051282,0.11956388926734583,0.33,0.5728826728826728
chr1,472583,A,G,0.5181794871794871,0.11932879649696591,0.33,0.57024087024087
chr10,108733,C,T,0.2139344262295082,0.074449729986629,0.19,0.12597066436583262
chr10,115507,G,T,0.04173846153846154,0.04006684918790289,0.06,0.30435897435897435
chr10,116392,G,A,0.05238636363636364,0.04816793100359428,0.06,0.12689393939393928
chr10,325616,A,G,0.4077931034482759,0.11549254128988616,0.33,0.23573667711598753
chr10,377200,A,T,0.33222916666666663,0.10805342248133132,0.27,0.23047839506172818
chr10,414789,T,G,0.03296774193548387,0.06236798530815189,0.06,0.4505376344086021
chr10,454626,C,A,0.36479999999999996,0.10157112836651495,0.33,0.10545454545454527
chr10,557657,T,A,0.3001951219512195,0.09428844561031727,0.33,0.09031781226903186
chr10,561234,A,G,0.0616875,0.05445128849851889,0.06,0.028125000000000025
chr10,565388,C,A,0.3940888888888888,0.08656522034707342,0.33,0.19420875420875394
chr10,653138,C,T,0.35528260869565226,0.10003614081220365,0.33,0.07661396574440073
chr10,662320,T,C,0.038173913043478266,0.047008890103811964,0.06,0.36376811594202885
chr10,663199,G,T,0.04431578947368421,0.04700724801108976,0.06,0.2614035087719298
chr10,669306,C,T,0.3778166666666667,0.09645188344044422,0.33,0.14489898989898992
chr10,669908,C,T,0.03959677419354839,0.041938854662558346,0.06,0.3400537634408602
chr10,1339970,A,G,0.36033898305084744,0.09158143355157626,0.33,0.09193631227529522
chr11,241962,A,T,0.19818749999999996,0.08576009493335887,0.2,0.009062500000000251
chr11,354078,G,A,0.0304390243902439,0.043099332234089086,0.06,0.4926829268292683
chr11,637436,T,A,0.22846511627906976,0.08495975205024163,0.19,0.20244798041615664
chr11,987190,C,A,0.2580810810810811,0.09792780174370481,0.33,0.217936117936118
chr11,987253,A,T,0.12786486486486487,0.0914992902711279,0.2,0.3606756756756757
chr11,1006753,T,C,0.031217391304347825,0.02817898130189018,0.06,0.4797101449275362
chr11,1006784,T,C,0.031144927536231885,0.02814943075504205,0.06,0.48091787439613526
chr11,1275605,C,T,0.045034482758620695,0.05126606398383276,0.06,0.24942528735632172
chr11,1275658,T,A,0.04541379310344828,0.051332091970439954,0.06,0.243103448275862
chr11,1375988,T,C,0.1823846153846154,0.08226855647582121,0.19,0.04008097165991899
chr11,1563321,G,C,0.3813170731707317,0.09096027677629126,0.33,0.15550628233555058
chr11,1749819,A,G,0.26122222222222224,0.08166768065087364,0.27,0.0325102880658436
chr12,379979,T,C,0.27409999999999995,0.09212771165201755,0.27,0.015185185185184951
chr12,684117,T,G,0.024203703703703703,0.04248923487618225,0.06,0.596604938271605
chr12,907264,A,G,0.1815967741935484,0.06681549336312659,0.2,0.09201612903225811
chr12,913124,A,T,0.36075,0.09676425224648054,0.33,0.09318181818181817
chr12,946416,T,C,0.029295454545454545,0.027650290839510417,0.06,0.5117424242424242
chr12,980434,A,T,0.3814313725490196,0.09731048348496904,0.33,0.1558526440879381
chr12,989679,T,C,0.029138461538461537,0.02942037820705495,0.06,0.5143589743589744
chr12,1005696,G,C,0.5270307692307692,0.0739771859322963,0.33,0.5970629370629369
chr12,1014046,T,A,0.31262711864406784,0.08775905460801511,0.2,0.5631355932203391
chr12,1014802,A,T,0.463,0.0951357783724431,0.33,0.403030303030303
chr12,1197074,T,A,0.2705490196078431,0.0945579851150584,0.33,0.1801544860368391
chr12,1449503,C,T,0.2917142857142857,0.11811276391652174,0.33,0.11601731601731609
chr12,1559859,T,A,0.3491153846153846,0.09461979789582176,0.33,0.057925407925407846
chr12,1615391,C,G,0.04201960784313726,0.046113551238688356,0.06,0.29967320261437896
chr12,1996827,T,A,0.3968888888888889,0.12510508001576767,0.33,0.20269360269360268
chr12,2151902,T,C,0.41671794871794876,0.14811925293633624,0.2,1.0835897435897437
chr13,169780,G,A,0.07042857142857142,0.034111860805576814,0.2,0.6478571428571429
chr13,192183,C,A,0.24854901960784315,0.11003550585615358,0.19,0.30815273477812183
chr13,531261,G,C,0.24602325581395346,0.09757060651555853,0.19,0.2948592411260708
chr13,852849,C,A,0.4272068965517241,0.10030248263018511,0.33,0.2945663531870427
chr13,1013674,G,T,0.2781944444444444,0.09522449248094719,0.19,0.4641812865497074
chr13,1175513,G,A,0.36066037735849055,0.11050895254305215,0.33,0.09291023441966827
chr13,1257063,A,G,0.14834920634920634,0.07650577855682383,0.2,0.25825396825396835
chr13,1311128,C,A,0.2826140350877193,0.08540068467147022,0.27,0.04671864847303444
chr13,1406752,G,T,0.10077049180327868,0.07041742053465248,0.14,0.28021077283372375
chr13,1429067,T,G,0.051757575757575766,0.08055938426986264,0.06,0.1373737373737372
chr13,1482708,C,T,0.1803157894736842,0.09665682259097626,0.2,0.09842105263157902
chr13,1876601,G,C,0.39390476190476187,0.09283678259593542,0.33,0.1936507936507935
chr13,1876606,T,C,0.17693650793650795,0.0690878059862658,0.13,0.3610500610500611
chr13,1879381,T,A,0.045711538461538456,0.04969962186247499,0.06,0.2381410256410257
chr13,2021487,T,A,0.28441176470588236,0.10614220206319222,0.33,0.13814616755793227
chr13,2124676,T,C,0.3798571428571429,0.10874220137300425,0.33,0.15108225108225115
chr13,2124825,T,A,0.3807058823529412,0.08895580972755214,0.33,0.1536541889483067
chr13,2341466,T,G,0.13443589743589743,0.07814891145546055,0.14,0.039743589743589894
chr13,2352397,A,T,0.32146296296296295,0.08351606171653517,0.33,0.02586980920314262
chr13,2415386,C,A,0.29165,0.06383315779356608,0.27,0.08018518518518519
chr13,2417849,C,T,0.1759848484848485,0.07297533670288728,0.13,0.35372960372960377
chr13,2479113,C,G,0.046135593220338986,0.05611547749710617,0.06,0.23107344632768353
chr13,2479509,G,A,0.14522950819672129,0.07873000136386445,0.14,0.03735362997658051
chr13,2481108,C,G,0.19616949152542373,0.08025974052871711,0.2,0.019152542372881387
chr13,2669191,T,A,0.2545581395348837,0.09258388791370863,0.33,0.2286116983791403
chr13,2761811,A,C,0.4375,0.18223519601511304,0.33,0.3257575757575757
chr14,47596,C,G,0.38703636363636357,0.09878745677545109,0.33,0.17283746556473803
chr14,120299,T,C,0.36267187500000003,0.08187796856365644,0.33,0.09900568181818187
chr14,150276,G,A,0.32203174603174606,0.097085092084041,0.33,0.024146224146224114
chr14,161286,G,T,0.3011388888888889,0.07860903356949607,0.33,0.08745791245791247
chr14,421549,G,A,0.18889473684210525,0.09555695463412052,0.2,0.055526315789473785
chr14,564266,G,T,0.04827027027027027,0.058554176551221276,0.06,0.1954954954954955
chr14,832594,T,C,0.46863636363636363,0.11690455994683713,0.33,0.4201101928374655
chr14,1473534,A,T,0.370921052631579,0.11220959673246321,0.33,0.12400318979266353
chr14,1665655,G,T,0.16781818181818184,0.11069791510724539,0.2,0.16090909090909086
chr14,1671322,C,A,0.3374047619047619,0.11796135363915145,0.33,0.022438672438672296
chr14,1672649,G,A,0.36363636363636365,0.1310505338571439,0.33,0.10192837465564736
chr14,1694073,C,G,0.33541666666666664,0.18361471696384873,0.33,0.016414141414141287
chr14,1792962,G,A,0.243125,0.07827941406696058,0.2,0.21562499999999998
chr14,1956202,T,C,0.1694166666666667,0.07983888260203323,0.13,0.30320512820512835
chr14,1956408,A,T,0.36534920634920637,0.08645251516521782,0.33,0.10711880711880713
chr14,2625887,C,G,0.42313043478260876,0.10055968016736291,0.33,0.282213438735178
chr14,2658199,A,T,0.05343478260869565,0.05298612690382998,0.06,0.10942028985507248
chr2,278862,C,G,0.011921052631578949,0.02811691957575701,0.06,0.8013157894736842
chr2,278864,C,A,0.2994054054054054,0.13551659583884088,0.33,0.0927108927108928
chr2,290569,T,A,0.3537818181818182,0.1029202659575904,0.33,0.07206611570247934
chr2,292382,A,T,0.31492307692307686,0.11169777905649624,0.27,0.16638176638176608
chr2,297021,A,G,0.219578125,0.07662209981823492,0.19,0.1556743421052632
chr2,366771,G,A,0.35944999999999994,0.11679259504099675,0.33,0.089242424242424
chr2,375135,T,A,0.03613333333333334,0.042554637528020876,0.06,0.3977777777777777
chr2,375922,T,A,0.05090322580645162,0.047502790143219994,0.06,0.15161290322580634
chr2,376045,A,G,0.12705128205128205,0.08848846154872655,0.13,0.022682445759368883
chr2,376222,A,G,0.16072131147540983,0.0857290559743391,0.13,0.23631778058007555
chr2,379046,C,T,0.17730508474576268,0.08178867939481518,0.19,0.06681534344335435
chr2,519370,G,A,0.16469999999999999,0.08301486491352118,0.13,0.26692307692307676
chr2,608790,A,G,0.20297560975609755,0.09263381882576094,0.19,0.06829268292682918
chr2,623111,T,C,0.0011272727272727272,0.004803758349052778,0.19,0.994066985645933
chr2,623146,T,C,0.21261818181818185,0.08182376973061858,0.19,0.11904306220095706
chr2,630737,C,T,0.09595555555555557,0.082909577129533,0.14,0.31460317460317455
chr2,798866,A,G,0.3426037735849056,0.11909907634186848,0.27,0.26890286512928
chr2,798907,C,T,0.3426037735849056,0.11909907634186848,0.27,0.26890286512928
chr3,469760,C,T,0.04016666666666667,0.06334218092280981,0.06,0.3305555555555555
chr3,622763,G,C,0.35473529411764704,0.08861879847893597,0.33,0.07495543672014249
chr3,805130,G,A,0.12842,0.07604566029024662,0.14,0.08271428571428575
chr3,827158,A,T,0.3870263157894737,0.1277801081761915,0.33,0.1728070175438597
chr3,853052,T,C,0.4177307692307692,0.1281463406242434,0.33,0.26585081585081566
chr4,124690,T,C,0.44250000000000006,0.12141313329360302,0.33,0.34090909090909105
chr4,138491,A,G,0.2145892857142857,0.09741154995653784,0.19,0.12941729323308265
chr4,141896,G,A,0.25232727272727273,0.09442889830458065,0.19,0.32803827751196174
chr4,306875,C,T,0.4440625000000001,0.10176368249266574,0.33,0.34564393939393956
chr4,741600,T,C,0.047724137931034485,0.1718227692694099,0.13,0.6328912466843502
chr4,748262,T,C,0.0343030303030303,0.04472169834689089,0.06,0.4282828282828283
chr4,767099,T,G,0.0513,0.053648984699824785,0.06,0.145
chr4,771505,A,G,0.39239655172413795,0.10841860713856133,0.33,0.18908045977011495
chr4,802705,G,A,0.1206829268292683,0.07821299093641358,0.19,0.3648267008985879
chr4,884153,T,G,0.18566666666666665,0.09452886684323825,0.2,0.07166666666666682
chr4,1071662,C,T,0.14758333333333332,0.10849801307203606,0.13,0.13525641025641008
chr4,1089818,G,T,0.21313793103448275,0.10976914871607694,0.13,0.639522546419098
chr4,1113552,A,T,0.05364444444444444,0.04685041745984358,0.06,0.10592592592592598
chr4,1121457,C,G,0.05013999999999999,0.06577699182131412,0.06,0.16433333333333347
chr4,1121472,T,A,0.05013999999999999,0.06577699182131412,0.06,0.16433333333333347
chr4,1122147,A,C,0.029604166666666668,0.040987667882421856,0.06,0.5065972222222221
chr4,1125973,A,G,0.3056875,0.14182461624906145,0.19,0.6088815789473684
chr5,814159,C,A,0.4921153846153846,0.0877010639697022,0.33,0.4912587412587412
chr5,843390,T,A,0.12972727272727272,0.11328925167664647,0.13,0.0020979020979021968
chr5,860853,G,A,0.135,0.07052456512247549,0.2,0.325
chr5,958145,A,T,0.10386842105263158,0.09975623561154205,0.06,0.7311403508771931
chr5,961625,G,T,0.12414634146341463,0.09456361905500703,0.13,0.04502814258911824
chr5,1038270,G,T,0.03058620689655172,0.040068377732719374,0.06,0.49022988505747134
chr5,1042252,G,A,0.30574074074074076,0.12919842647344643,0.33,0.07351290684624018
chr5,1042561,T,G,0.18570175438596492,0.07947101109215879,0.19,0.02262234533702673
chr5,1043303,G,A,0.20929729729729732,0.11138393681936988,0.2,0.04648648648648654
chr5,1105159,T,G,0.41072093023255807,0.10938449563273742,0.33,0.24460887949260016
chr5,1108445,G,T,0.2696666666666667,0.08817248491890309,0.19,0.41929824561403534
chr5,1109432,A,G,0.3736060606060606,0.08569173351889431,0.33,0.132139577594123
chr5,1114182,A,G,0.16346938775510203,0.07647033794245985,0.13,0.25745682888540017
chr6,237194,T,G,0.0554909090909091,0.05854212561378748,0.06,0.07515151515151501
chr6,312414,G,C,0.18390322580645163,0.1112361916040847,0.2,0.0804838709677419
chr6,389754,A,G,0.04826153846153845,0.04919802997932085,0.06,0.19564102564102576
chr6,636044,A,C,0.099,0.060739272791656466,0.14,0.29285714285714287
chr6,664888,G,T,0.21355263157894738,0.09352545465574225,0.2,0.06776315789473686
chr6,685240,G,A,0.2618064516129032,0.10745976581572171,0.27,0.0303464755077659
chr6,687394,T,C,0.2995535714285714,0.1211785939156608,0.27,0.10945767195767185
chr6,697009,A,T,0.023749999999999997,0.031738670739950396,0.06,0.6041666666666667
chr6,851736,C,T,0.037761194029850745,0.034811217955170545,0.06,0.3706467661691542
chr6,1117000,T,C,0.35749122807017547,0.08561481906251843,0.33,0.08330675172780441
chr6,1117447,T,G,0.14972972972972973,0.09534168047625359,0.13,0.15176715176715172
chr6,1206227,A,T,0.19966153846153845,0.08630800167913838,0.2,0.0016923076923078262
chr6,1224777,T,A,0.24874418604651163,0.10169213413024904,0.2,0.24372093023255811
chr6,1238829,A,T,0.0540909090909091,0.06267146458774471,0.06,0.09848484848484831
chr6,1240578,T,G,0.171875,0.08938685370559038,0.13,0.3221153846153846
chr7,105280,C,T,0.0477638888888889,0.03636957909098051,0.06,0.20393518518518503
chr7,105304,T,C,0.20498611111111112,0.07067013096079311,0.2,0.02493055555555554
chr7,105510,C,T,0.04710769230769231,0.04953537974169418,0.06,0.21487179487179484
chr7,370875,A,G,0.047098360655737706,0.05947400129973679,0.06,0.21502732240437153
chr7,375818,T,C,0.2034523809523809,0.07726710162930145,0.19,0.0708020050125311
chr7,377477,C,A,0.04548648648648649,0.06271169553406093,0.06,0.2418918918918918
chr7,383137,A,C,0.28516071428571427,0.10594591704101833,0.33,0.13587662337662348
chr7,383166,C,T,0.02275,0.0445638459251035,0.06,0.6208333333333333
chr7,385921,C,T,0.0498135593220339,0.05445291372346266,0.06,0.16977401129943498
chr7,391494,T,C,0.06010204081632653,0.06268779948348509,0.06,0.001700680272108864
chr7,403337,G,T,0.17330303030303032,0.10847392683511695,0.2,0.13348484848484846
chr7,403625,A,C,0.1698888888888889,0.08182063607339653,0.19,0.10584795321637425
chr7,405838,G,T,0.03793333333333333,0.04335183754100647,0.06,0.36777777777777776
chr7,406231,C,T,0.31074358974358973,0.08007881576386511,0.33,0.05835275835275843
chr7,408697,A,C,0.16562000000000004,0.09932997780023874,0.2,0.17189999999999983
chr7,408743,G,A,0.16786956521739127,0.06843371912327635,0.2,0.1606521739130437
chr7,410036,A,G,0.029289473684210525,0.05348852258535613,0.06,0.5118421052631579
chr7,411597,A,T,0.06242857142857144,0.04919972547700838,0.06,0.040476190476190665
chr7,412466,A,G,0.0446829268292683,0.05850018761695994,0.06,0.25528455284552837
chr7,414615,A,T,0.04668749999999999,0.03938248543109181,0.06,0.2218750000000001
chr7,415137,C,T,0.22928846153846155,0.10122724126467794,0.19,0.20678137651821868
chr7,420908,C,G,0.04937096774193548,0.06078967607316978,0.06,0.17715053763440863
chr7,420925,G,C,0.04693548387096774,0.04886645266093775,0.06,0.21774193548387094
chr7,421420,G,A,0.03191666666666667,0.040831169431735856,0.06,0.4680555555555555
chr7,421931,C,T,0.027560975609756094,0.04350290150121472,0.06,0.540650406504065
chr7,421932,C,T,0.027560975609756094,0.04350290150121472,0.06,0.540650406504065
chr7,426753,A,T,0.04526666666666666,0.04607652686220627,0.06,0.24555555555555558
chr7,430364,T,G,0.04762264150943396,0.05587459392903359,0.06,0.20628930817610064
chr7,432784,T,A,0.04334848484848485,0.04251967596093417,0.06,0.27752525252525245
chr7,726594,A,G,0.04505263157894737,0.03689629339331275,0.06,0.24912280701754377
chr7,726661,T,A,0.04505263157894737,0.03689629339331275,0.06,0.24912280701754377
chr7,730062,A,G,0.09794915254237288,0.06144732078803806,0.14,0.30036319612590806
chr7,816733,A,G,0.23535714285714285,0.09877788279706208,0.2,0.17678571428571419
chr8,97831,C,T,0.4830980392156862,0.10725991887037035,0.33,0.4639334521687461
chr8,340367,T,G,0.32974000000000003,0.08295580579010559,0.33,0.0007878787878787347
chr8,340944,T,C,0.01685714285714286,0.03753982012794008,0.06,0.7190476190476189
chr8,511014,G,A,0.05093181818181818,0.052414003866032774,0.06,0.1511363636363636
chr8,542477,A,T,0.16433333333333333,0.08141609573764447,0.13,0.26410256410256405
chr8,543476,A,T,0.03035185185185185,0.05180192952165313,0.06,0.49413580246913585
chr8,549685,G,C,0.15948076923076926,0.07106624647209092,0.14,0.13914835164835174
chr8,550212,G,T,0.044190476190476204,0.044955482332025634,0.06,0.2634920634920632
chr8,551179,C,G,0.04948333333333334,0.043249568104698315,0.06,0.17527777777777767
chr8,562617,T,A,0.0677741935483871,0.06674014767610241,0.06,0.12956989247311831
chr8,585466,G,T,0.15762903225806452,0.08384514099159582,0.13,0.21253101736972702
chr8,585841,C,G,0.13952631578947366,0.08311418678608834,0.13,0.07327935222672047
chr8,585854,A,C,0.20561403508771928,0.09579922352540324,0.19,0.08217913204062777
chr8,619138,A,G,0.16073333333333334,0.08446177887302327,0.2,0.19633333333333336
chr8,806841,T,A,0.34123333333333333,0.12714685599143122,0.33,0.03404040404040399
chr8,845787,T,A,0.19646969696969696,0.05533568043439539,0.33,0.40463728191000925
chr8,847329,C,T,0.04079487179487179,0.05165889106089121,0.06,0.32008547008547017
chr8,885980,A,G,0.03737704918032787,0.04358828739253479,0.06,0.37704918032786877
chr8,933060,T,C,0.1413015873015873,0.07403173576693743,0.13,0.0869352869352868
chr8,991389,G,T,0.18233333333333335,0.08470930684798847,0.19,0.040350877192982394
chr8,1344737,G,C,0.04147692307692307,0.03830107198740807,0.06,0.3087179487179488
chr9,512326,A,C,0.03951666666666666,0.048328498686703844,0.06,0.341388888888889
chr9,512739,G,C,0.16785106382978723,0.07994807519324361,0.19,0.11657334826427773
chr9,515904,A,C,0.10929999999999998,0.0795021159509479,0.14,0.2192857142857145
chr9,516978,G,A,0.049046875,0.0452276182260002,0.06,0.18255208333333336
chr9,747864,T,C,0.31097368421052635,0.07595357288968303,0.33,0.057655502392344446
chr9,778075,A,T,0.13872340425531915,0.12212764208839927,0.14,0.009118541033434742
chr9,963651,C,T,0.3038139534883721,0.0859745964179878,0.33,0.07935165609584219
chr9,1178903,T,C,0.08831081081081081,0.057504002404043714,0.13,0.3206860706860707
chr9,1178963,G,A,0.2144,0.09357399375730581,0.33,0.35030303030303034
chr9,1179069,G,A,0.10603703703703704,0.08925857349296258,0.13,0.18433048433048432
chr9,1179228,G,A,0.15098333333333333,0.07371739248509988,0.19,0.20535087719298248
chr9,1179855,A,C,0.14214000000000002,0.06334003151117573,0.2,0.28929999999999995
chr9,1374376,C,T,0.0333695652173913,0.05326051641409095,0.06,0.4438405797101449
chr9,1379201,C,A,0.17551162790697675,0.11663830378221207,0.33,0.4681465821000705
chr9,1418176,A,G,0.3213076923076923,0.09432578888868143,0.33,0.026340326340326427
chr9,1418612,G,C,0.04406779661016949,0.05459722880638934,0.06,0.2655367231638418
chr1,100608,A,G,0.2007142857142857,0.09912402044192632,0.19,0.05639097744360897
chr1,155939,G,A,0.21344262295081964,0.09321007180739,0.19,0.12338222605694547
chr1,155978,C,T,0.18796721311475412,0.08450620632299041,0.2,0.06016393442622947
chr1,205066,G,A,0.02375,0.04750000000000001,0.14,0.8303571428571429
chr1,308232,C,T,0.040846153846153845,0.03714634519758924,0.06,0.3192307692307692
chr1,308385,G,C,0.1355686274509804,0.07659171101417198,0.13,0.042835595776772185
chr1,349253,A,G,0.11415384615384615,0.056418423068519574,0.14,0.18461538461538474
chr1,487057,C,T,0.18029411764705883,0.08577225991199008,0.19,0.05108359133126934
chr1,497883,A,G,0.18150793650793648,0.08212576371047128,0.2,0.09246031746031766
chr1,498090,A,C,0.14752380952380953,0.10470034338416424,0.2,0.2623809523809524
chr1,506069,A,G,0.15710000000000002,0.08398037914675459,0.13,0.20846153846153856
chr1,532656,G,A,0.22334375,0.10536009202698848,0.2,0.11671874999999998
chr1,534237,C,T,0.417,,0.33,0.2636363636363635
chr1,536003,T,C,0.03611363636363637,0.049024064289822,0.06,0.3981060606060605
chr1,537427,A,G,0.09481159420289854,0.05457732651458814,0.14,0.3227743271221533
chr10,112973,A,G,0.130875,0.06531124337078799,0.13,0.00673076923076913
chr10,222495,G,T,0.17443103448275862,0.07392483429286034,0.2,0.12784482758620694
chr10,223211,G,A,0.1326043956043956,0.06800618911718079,0.13,0.020033812341504604
chr10,225629,G,A,0.18318181818181817,0.06912595173158344,0.2,0.08409090909090922
chr10,317581,A,T,0.27845454545454545,0.14670953722130103,0.27,0.031313131313131244
chr10,334542,T,C,0.17570000000000002,0.1405216222358306,0.13,0.3515384615384617
chr10,341106,A,G,0.3945,0.08772517823607841,0.33,0.19545454545454546
chr10,377197,T,G,0.38452083333333337,0.10163974544738848,0.33,0.1652146464646465
chr10,382041,C,A,0.34812,0.08683355882822902,0.33,0.05490909090909082
chr10,425295,C,A,0.3221428571428571,0.11250768345308171,0.33,0.023809523809523926
chr10,464500,A,G,0.05283333333333333,0.04828487732749327,0.06,0.11944444444444448
chr10,558456,C,A,0.42202702702702705,0.12598445373371503,0.33,0.2788697788697789
chr10,574773,T,C,0.19538461538461538,0.11024843127768433,0.13,0.5029585798816567
chr10,821899,G,A,0.19743859649122808,0.09508192286201328,0.2,0.012807017543859656
chr10,992490,G,A,0.16147540983606556,0.0839157527042007,0.2,0.19262295081967223
chr10,1074462,G,A,0.22176666666666664,0.11286081856789845,0.19,0.1671929824561402
chr10,1083764,T,C,0.1727741935483871,0.1223807473086676,0.13,0.32903225806451614
chr10,1172279,T,C,0.09080357142857141,0.07128927488960533,0.14,0.35140306122448994
chr10,1172282,G,A,0.13158928571428571,0.09075997852191627,0.2,0.34205357142857146
chr10,1235482,A,G,0.1842692307692308,0.0688442730853597,0.13,0.4174556213017753
chr10,1268080,C,T,0.12565517241379312,0.07792248773995725,0.14,0.10246305418719208
chr10,1384706,T,G,0.30253061224489797,0.07743117966965254,0.27,0.12048374905517759
chr10,1385894,C,T,0.33053125,0.11290389415124763,0.33,0.0016098484848484336
chr10,1387021,C,T,0.043476190476190474,0.042198401262659516,0.06,0.2753968253968254
chr10,1391657,A,G,0.032161290322580645,0.029714595159969593,0.06,0.4639784946236559
chr10,1391660,G,A,0.04048387096774194,0.039263607617367746,0.06,0.32526881720430095
chr10,1392773,A,G,0.389725,0.10813334301590269,0.33,0.1809848484848484
chr10,1399269,C,T,0.14516666666666664,0.09377961302548139,0.13,0.1166666666666664
chr10,1414588,C,A,0.35772000000000004,0.08671747228788441,0.27,0.32488888888888895
chr10,1434066,A,C,0.477983870967742,0.09426931978975144,0.27,0.7703106332138591
chr10,1434072,G,A,0.477983870967742,0.09426931978975144,0.27,0.7703106332138591
chr10,1434084,C,T,0.477983870967742,0.09426931978975144,0.27,0.7703106332138591
chr10,1434096,A,G,0.477983870967742,0.09426931978975144,0.27,0.7703106332138591
chr10,1513542,A,G,0.1936153846153846,0.12315879888822295,0.19,0.0190283400809716
chr10,1519673,G,A,0.2504230769230769,0.07738846067828101,0.2,0.2521153846153845
chr10,1551542,T,A,0.202078431372549,0.08662444069366448,0.13,0.5544494720965307
chr10,1554604,A,G,0.39297499999999996,0.17744215200366656,0.33,0.19083333333333316
chr11,247498,G,C,0.05169090909090909,0.05341309061604888,0.06,0.13848484848484843
chr11,306911,T,C,0.3296603773584905,0.08950783021102474,0.27,0.22096436058700183
chr11,391633,T,C,0.06063636363636363,0.05550239504955427,0.06,0.01060606060606049
chr11,418011,C,T,0.19192105263157896,0.09084122816209142,0.14,0.37086466165413534
chr11,433376,A,G,0.269,0.11775737768819412,0.19,0.4157894736842106
chr11,494717,A,G,0.17112500000000003,0.08566166374125962,0.14,0.22232142857142864
chr11,683965,T,C,0.1575,0.07603778456038199,0.14,0.1249999999999999
chr11,694933,A,G,0.04941818181818182,0.04863876327508022,0.06,0.1763636363636363
chr11,703912,C,T,0.09338461538461537,0.0664282816215374,0.14,0.3329670329670331
chr11,706213,A,T,0.08963461538461538,0.06454699727107308,0.14,0.3597527472527473
chr11,767389,A,G,0.15102127659574469,0.072531699025683,0.13,0.16170212765957445
chr11,812065,T,C,0.03525,0.03992868642968361,0.06,0.41250000000000003
chr11,865260,G,A,0.1684857142857143,0.0720173065101354,0.13,0.29604395604395606
chr11,1018965,A,G,0.3073125,0.13585676458635015,0.2,0.5365624999999998
chr11,1020630,G,A,0.21362745098039215,0.08591343568600053,0.2,0.06813725490196071
chr11,1100269,G,A,0.3189838709677419,0.08489347074383222,0.33,0.033382209188660986
chr11,1106452,T,C,0.10988461538461537,0.0949426466549472,0.14,0.21510989010989026
chr11,1141641,A,G,0.10690909090909093,0.08412672819803702,0.14,0.2363636363636363
chr11,1181093,G,A,0.03807692307692307,0.06877169882084093,0.06,0.3653846153846155
chr11,1188635,G,A,0.22216326530612243,0.11265181366693118,0.19,0.16928034371643383
chr11,1263156,T,C,0.29817021276595745,0.12436662476042988,0.27,0.10433412135539791
chr11,1360267,C,T,0.18694642857142857,0.07070847181924517,0.13,0.4380494505494505
chr11,1467529,T,C,0.0314390243902439,0.06215265432002393,0.06,0.4760162601626016
chr11,1640669,A,C,0.10925581395348838,0.0723095505195926,0.14,0.21960132890365452
chr11,1679200,A,G,0.041875,0.04646189241527416,0.06,0.30208333333333326
chr11,1696137,G,A,0.030441860465116283,0.0515684022512039,0.06,0.4926356589147286
chr11,1752894,A,G,0.2076052631578947,0.09920019057133074,0.19,0.0926592797783932
chr11,1887740,T,A,0.3938529411764706,0.11654057229603493,0.27,0.4587145969498909
chr11,1942297,G,A,0.1995535714285714,0.09240187318897365,0.13,0.5350274725274724
chr11,1953780,T,A,0.0008823529411764705,0.006301260378126045,0.13,0.9932126696832579
chr12,82667,A,T,0.42924074074074076,0.06488798335860509,0.33,0.30072951739618403
chr12,83558,T,C,0.44630000000000003,0.12061993376325753,0.33,0.3524242424242425
chr12,174880,T,C,0.13515625,0.0951315250400813,0.13,0.03966346153846154
chr12,350796,G,A,0.40634375000000006,0.09455849264738748,0.33,0.2313446969696971
chr12,532131,G,T,0.04632352941176471,0.03647180107870319,0.06,0.22794117647058817
chr12,698136,G,T,0.21983783783783784,0.08595364174093223,0.19,0.15704125177809386
chr12,726602,A,G,0.20736000000000002,0.09644090079908409,0.2,0.03680000000000003
chr12,760468,T,A,0.19041176470588236,0.09034559789399552,0.14,0.3600840336134453
chr12,760531,G,T,0.19041176470588236,0.09034559789399552,0.14,0.3600840336134453
chr12,762514,C,T,0.02891176470588235,0.05153661108027893,0.06,0.5181372549019608
chr12,762526,C,T,0.02891176470588235,0.05153661108027893,0.06,0.5181372549019608
chr12,763141,A,C,0.14135714285714285,0.10988437857608453,0.14,0.009693877551020245
chr12,786224,C,T,0.05232786885245902,0.048950220057889904,0.06,0.1278688524590163
chr12,802744,G,C,0.2327391304347826,0.0936818338331299,0.13,0.7903010033444814
chr12,812812,C,T,0.14284615384615384,0.09739029954438035,0.13,0.09881656804733722
chr12,817280,A,G,0.03444642857142857,0.034327788712966614,0.06,0.42589285714285713
chr12,817730,G,A,0.31221428571428567,0.12775313044173256,0.33,0.05389610389610409
chr12,818766,G,A,0.05379365079365079,0.048876130043914445,0.06,0.10343915343915348
chr12,1075986,C,A,0.04213114754098361,0.03905443867638951,0.06,0.2978142076502731
chr12,1078321,G,A,0.25609375,0.07092847252187033,0.2,0.28046875
chr12,1156135,T,C,0.16964285714285715,0.08377706967062887,0.2,0.1517857142857143
chr12,1212825,T,C,0.3101578947368421,0.1041332918965064,0.27,0.14873294346978538
chr12,1387200,C,T,0.1758840579710145,0.07159352916699124,0.19,0.07429443173150263
chr12,1546481,C,T,0.41103124999999996,0.10425480088736688,0.33,0.24554924242424225
chr12,1663324,A,T,0.044333333333333336,0.045188625833962964,0.06,0.26111111111111107
chr12,1663492,A,G,0.04231666666666667,0.04305514464295746,0.06,0.29472222222222216
chr12,1665622,G,A,0.23686956521739133,0.12336689711728922,0.2,0.1843478260869566
chr12,1673470,G,A,0.16682456140350874,0.07116583319638956,0.14,0.19160401002506228
chr12,1678939,A,G,0.1884925373134328,0.0729303056960482,0.19,0.007934014139827405
chr12,1681129,G,A,0.13957575757575755,0.059145989032630256,0.13,0.07365967365967341
chr12,1681360,A,G,0.1309076923076923,0.052447510390426035,0.14,0.06494505494505504
chr12,1868677,G,A,0.2651833333333334,0.11435619222659074,0.27,0.01783950617283939
chr12,1887454,C,T,0.20752941176470585,0.10415525570297729,0.2,0.0376470588235292
chr12,1927229,T,C,0.3193518518518519,0.11003672755766722,0.33,0.03226711560044888
chr12,1964949,G,A,0.22177611940298508,0.05500793906765073,0.27,0.17860696517412938
chr12,2046741,A,G,0.11724590163934426,0.06771943486122355,0.14,0.16252927400468395
chr12,2062740,A,T,0.12244999999999999,0.06019781656043737,0.14,0.12535714285714303
chr12,2116182,G,C,0.2368833333333333,0.10013653250059609,0.19,0.24675438596491212
chr13,155246,G,A,0.21321153846153845,0.07152740775627078,0.19,0.12216599190283395
chr13,156689,C,T,0.31833333333333336,0.10995427621126365,0.27,0.17901234567901236
chr13,194874,C,T,0.21183999999999997,0.13759229629597727,0.2,0.05919999999999981
chr13,256854,T,C,0.16285454545454545,0.09352647044233345,0.13,0.25272727272727263
chr13,290146,T,C,0.160125,0.08129521119743993,0.13,0.2317307692307691
chr13,301446,C,A,0.34115,0.09480521190909394,0.33,0.03378787878787876
chr13,309120,T,A,0.06032692307692308,0.06021097585886081,0.06,0.0054487179487179805
chr13,341070,C,T,0.2773333333333333,0.08291702679988792,0.27,0.02716049382716038
chr13,365240,T,A,0.19331578947368422,0.079758115833135,0.13,0.4870445344129555
chr13,613236,T,A,0.14426562499999998,0.07811291017566245,0.13,0.10973557692307674
chr13,714722,T,C,0.18929824561403508,0.08251795581921219,0.2,0.05350877192982467
chr13,738765,A,T,0.2998297872340425,0.09613064460702654,0.33,0.09142488716956816
chr13,756912,A,G,0.16222448979591836,0.09915985942450925,0.13,0.24788069073783348
chr13,758787,A,G,0.3198363636363636,0.09393708762238923,0.27,0.18457912457912432
chr13,815912,T,C,0.18771111111111113,0.0898707714196087,0.13,0.44393162393162405
chr13,815915,C,A,0.18771111111111113,0.0898707714196087,0.13,0.44393162393162405
chr13,815954,G,A,0.21228333333333332,0.09385312934050548,0.2,0.061416666666666564
chr13,817001,T,G,0.29452500000000004,0.09896670963200008,0.27,0.09083333333333339
chr13,1225494,C,T,0.36427118644067796,0.08929162421786627,0.27,0.34915254237288124
chr13,1230403,A,G,0.18952459016393444,0.07486957694492849,0.2,0.052377049180327845
chr13,1265571,C,T,0.3537,0.11264603327929183,0.33,0.07181818181818181
chr13,1419503,C,T,0.18916393442622953,0.07437947304820706,0.2,0.05418032786885241
chr13,1478081,A,G,0.1238225806451613,0.06142475716867828,0.14,0.11555299539170508
chr13,1599633,A,G,0.11064705882352943,0.08883733979119632,0.14,0.2096638655462184
chr13,1682933,A,G,0.0552,0.045309797812148514,0.06,0.07999999999999999
chr13,1716321,G,A,0.2142058823529412,0.0845848254217156,0.2,0.0710294117647059
chr13,1774926,C,T,0.36644615384615387,0.09919882666412169,0.33,0.11044289044289045
chr13,1861105,T,A,0.13980000000000004,0.08999299407759945,0.13,0.07538461538461562
chr13,1970443,A,G,0.04571666666666666,0.0508857449542406,0.06,0.2380555555555556
chr13,2103416,C,T,0.332625,0.09341187743619034,0.27,0.23194444444444437
chr13,2110966,T,C,0.36952380952380953,0.11580195234061737,0.33,0.11976911976911975
chr13,2302172,A,G,0.150725,0.10733651552059328,0.13,0.15942307692307686
chr13,2302511,T,C,0.29786956521739133,0.07709521060081839,0.27,0.10322061191626411
chr13,2309427,A,T,0.2759375,0.1180442611084722,0.27,0.021990740740740682
chr13,2323925,T,C,0.1544705882352941,0.09246825345281044,0.13,0.18823529411764695
chr13,2400533,T,C,0.34390740740740744,0.08957536481550542,0.27,0.2737311385459534
chr13,2478581,C,T,0.06668965517241379,0.06439875963079003,0.06,0.11149425287356324
chr13,2529293,T,C,0.21913793103448279,0.09784492712484043,0.2,0.09568965517241387
chr13,2651632,C,T,0.35063636363636363,0.10710917944486863,0.33,0.06253443526170793
chr13,2733606,G,T,0.3315142857142857,0.08988039441506161,0.33,0.0045887445887445154
chr14,107014,G,A,0.26583333333333337,0.07059038577669458,0.27,0.015432098765432042
chr14,137622,T,C,0.2037368421052632,0.09927562199657586,0.19,0.0722991689750694
chr14,137691,G,A,0.2037368421052632,0.09927562199657586,0.19,0.0722991689750694
chr14,201791,C,A,0.15404687500000003,0.07055908920503753,0.2,0.22976562499999992
chr14,259286,C,T,0.31427083333333333,0.10895963327947264,0.27,0.16396604938271597
chr14,337415,T,C,0.45739622641509436,0.10051814601251807,0.33,0.3860491709548313
chr14,406995,T,G,0.17538775510204085,0.08822386684039704,0.19,0.07690655209452182
chr14,407424,C,T,0.12840000000000001,0.07315283658204924,0.14,0.08285714285714284
chr14,465265,G,A,0.3526060606060606,0.08664472697239696,0.33,0.06850321395775931
chr14,494376,T,A,0.051068965517241376,0.054790145761763415,0.06,0.1488505747126437
chr14,872802,A,C,0.41003125,0.09103286843179575,0.33,0.24251893939393937
chr14,901969,G,A,0.14215686274509803,0.07971458399791587,0.13,0.09351432880844637
chr14,923791,T,C,0.15545901639344264,0.07403615643060081,0.13,0.19583858764186646
chr14,1034851,C,T,0.2924909090909091,0.10148688525512978,0.33,0.1136639118457301
chr14,1102380,C,T,0.041114754098360656,0.044564970683507225,0.06,0.3147540983606557
chr14,1102389,G,A,0.041114754098360656,0.044564970683507225,0.06,0.3147540983606557
chr14,1102755,T,C,0.04456060606060606,0.03755657426332001,0.06,0.25732323232323234
chr14,1106139,C,T,0.22437931034482758,0.07440496766715997,0.19,0.18094373865698726
chr14,1111557,C,T,0.34094,0.11307075805233913,0.27,0.2627407407407407
chr14,1166314,C,A,0.1523061224489796,0.08258031547167498,0.2,0.2384693877551021
chr14,1171479,G,A,0.12709589041095892,0.06962761353234825,0.13,0.022339304531085243
chr14,1179640,T,C,0.15671875,0.07731495445604093,0.13,0.20552884615384603
chr14,1199242,A,T,0.2629047619047619,0.08187277980948686,0.27,0.026278659611992956
chr14,1227031,C,A,0.4052923076923077,0.09257255989845936,0.33,0.22815850815850805
chr14,1334365,T,A,0.18140816326530615,0.10705351433732938,0.13,0.3954474097331242
chr14,1351948,G,A,0.17012121212121212,0.10918784203602912,0.13,0.30862470862470853
chr14,1454960,C,T,0.2564444444444444,0.09869271286334692,0.19,0.34970760233918113
chr14,1656678,G,T,0.12545945945945947,0.07448362780377182,0.13,0.03492723492723491
chr14,1671537,G,A,0.30804545454545457,0.0874655856398885,0.27,0.1409090909090909
chr14,1775107,T,A,0.19755,0.11390885920387495,0.13,0.5196153846153846
chr14,1817108,G,A,0.16022727272727272,0.1335728557462473,0.13,0.23251748251748242
chr14,1853594,A,G,0.2953181818181818,0.1167822009230486,0.27,0.09377104377104369
chr14,2000415,C,T,0.05432258064516129,0.05790762016451962,0.06,0.0946236559139785
chr14,2070946,C,T,0.043687500000000004,0.03556789840327085,0.06,0.2718749999999999
chr14,2124198,C,T,0.0366078431372549,0.05345767613032671,0.06,0.3898692810457516
chr14,2128849,A,C,0.1468448275862069,0.07617933636207554,0.13,0.1295755968169761
chr14,2160136,G,A,0.47300000000000003,0.10513324878457816,0.33,0.43333333333333335
chr14,2160961,T,C,0.34047727272727274,0.07636950829382215,0.27,0.261026936026936
chr14,2196699,T,G,0.12728846153846154,0.07840826700572862,0.14,0.09079670329670333
chr14,2342241,G,A,0.1346938775510204,0.07938702771906773,0.14,0.037900874635568564
chr14,2442547,G,A,0.057481481481481474,0.06748633425347202,0.06,0.041975308641975406
chr14,2534828,C,T,0.1643,0.10061533756762014,0.14,0.17357142857142846
chr14,2540639,G,A,0.43805555555555553,0.10619872058536417,0.33,0.3274410774410773
chr14,2619811,C,T,0.3805555555555555,0.08675764455590579,0.33,0.15319865319865292
chr14,2630597,T,C,0.4079473684210526,0.087824132424584,0.33,0.23620414673046242
chr14,2674607,C,T,0.3726349206349206,0.09281950948763874,0.33,0.12919672919672903
chr14,2695875,T,C,0.37973684210526315,0.18087191358197938,0.33,0.15071770334928222
chr14,2695923,G,A,0.37973684210526315,0.18087191358197938,0.33,0.15071770334928222
chr14,2752373,C,T,0.2178392857142857,0.07518239077813955,0.2,0.08919642857142848
chr14,2755887,T,A,0.1859090909090909,0.14701255357652593,0.19,0.02153110047846889
chr14,2913485,T,G,0.1597441860465116,0.09123154556330462,0.13,0.22880143112701234
chr14,3043530,A,C,0.12841176470588236,0.09614103202699505,0.13,0.012217194570135695
chr14,3240001,G,T,0.07402439024390245,0.07072852600078629,0.06,0.2337398373983742
chr2,199406,G,T,0.44955,0.10480358919279581,0.33,0.36227272727272725
chr2,206291,A,G,0.33561363636363634,0.12020064928607885,0.33,0.017011019283746424
chr2,207266,C,T,0.3455952380952381,0.12326633064001752,0.33,0.04725829725829729
chr2,222175,T,C,0.32303030303030306,0.08378338321547002,0.27,0.1964085297418631
chr2,320647,G,A,0.16227083333333334,0.11082643888864059,0.13,0.24823717948717947
chr2,322398,A,G,0.14273913043478262,0.09685921852131776,0.13,0.09799331103678934
chr2,401697,G,A,0.0194375,0.05554333893456533,0.06,0.6760416666666668
chr2,480862,A,C,0.02715217391304348,0.037824135381939725,0.06,0.5474637681159421
chr2,501972,A,G,0.15438095238095234,0.052580024592758755,0.14,0.10272108843537375
chr2,503169,T,C,0.19183999999999998,0.13703061701678207,0.2,0.04080000000000014
chr2,549049,C,T,0.18051282051282053,0.08899759659524573,0.2,0.09743589743589742
chr2,558953,A,G,0.10052,0.0754280952365921,0.14,0.2820000000000001
chr2,671972,A,C,0.16235849056603774,0.08026760394973578,0.2,0.18820754716981136
chr2,694307,A,G,0.15067741935483872,0.08123520874463822,0.14,0.07626728110599076
chr2,797146,A,T,0.3774186046511628,0.09899596734406708,0.27,0.3978466838931954
chr2,800017,G,A,0.38961538461538464,0.11404147058668904,0.33,0.18065268065268067
chr2,800695,A,G,0.40676190476190477,0.10603418716586772,0.33,0.23261183261183258
chr2,805983,A,G,0.17832758620689654,0.09934723579817434,0.2,0.10836206896551737
chr2,839178,C,T,0.29992452830188676,0.1027416193581302,0.27,0.11083158630328423
chr2,839620,T,C,0.06962222222222221,0.079948360858997,0.06,0.16037037037037022
chr2,841296,C,T,0.17859090909090905,0.0986945766003235,0.13,0.37377622377622344
chr2,845795,C,T,0.3691627906976745,0.09602825234882406,0.27,0.3672695951765721
chr3,106144,A,G,0.153875,0.1002593647366235,0.14,0.09910714285714284
chr3,124534,C,T,0.14198,0.10035335325839431,0.33,0.5697575757575758
chr3,142944,G,T,0.18915,0.07802342651246331,0.19,0.004473684210526262
chr3,183105,T,A,0.15274193548387097,0.08292657931476631,0.2,0.23629032258064522
chr3,185604,C,T,0.11476271186440677,0.059958703887170034,0.14,0.180266343825666
chr3,241146,T,G,0.16611764705882356,0.08337329238043165,0.13,0.27782805429864277
chr3,285065,T,C,0.13262264150943395,0.0916354034738284,0.14,0.05269541778975757
chr3,361199,C,T,0.04895,0.04741305132447642,0.06,0.18416666666666662
chr3,363473,C,T,0.09336842105263159,0.06822432316026808,0.14,0.3330827067669173
chr3,363731,A,G,0.2755846153846153,0.10723075181409195,0.27,0.020683760683760367
chr3,489823,G,C,0.04495161290322581,0.05047850619342683,0.06,0.25080645161290316
chr3,509618,G,A,0.14353488372093023,0.09465686120509406,0.13,0.10411449016100176
chr3,679453,G,A,0.04448484848484848,0.0673424648773534,0.06,0.25858585858585864
chr3,749616,A,G,0.3231,0.10158986169889198,0.27,0.19666666666666657
chr3,750795,T,C,0.05096296296296297,0.0527203240187322,0.06,0.1506172839506172
chr3,831268,T,C,0.1603658536585366,0.08479409062474844,0.14,0.14547038327526124
chr3,888429,G,A,0.05067924528301887,0.05134902200585626,0.06,0.15534591194968547
chr3,892045,C,T,0.2794047619047619,0.09742440709967094,0.27,0.034832451499118
chr3,916639,C,A,0.34278333333333333,0.09018288229973027,0.33,0.038737373737373675
chr3,916719,C,T,0.16363333333333333,0.06494325206440285,0.13,0.2587179487179486
chr3,924907,G,T,0.24163636363636362,0.06288026139200817,0.19,0.27177033492822955
chr3,943993,G,A,0.16791176470588234,0.09103025392760791,0.13,0.291628959276018
chr4,139405,A,G,0.04675,0.06949129063187855,0.06,0.2208333333333333
chr4,143683,C,T,0.2510178571428571,0.09102417083019584,0.19,0.3211466165413533
chr4,208960,G,T,0.22092857142857147,0.09041405914232772,0.19,0.16278195488721828
chr4,358245,C,T,0.1574102564102564,0.07348960468869692,0.13,0.21084812623274157
chr4,418411,A,G,0.21614705882352941,0.11445526646419715,0.27,0.19945533769063184
chr4,487211,A,T,0.3246792452830189,0.08601783660848523,0.33,0.01612349914236704
chr4,508879,T,G,0.2665294117647059,0.09901623158678106,0.27,0.012854030501089311
chr4,514993,A,T,0.282125,0.08513963862100972,0.27,0.044907407407407396
chr4,515065,G,A,0.12634375,0.09804331148742046,0.14,0.09754464285714291
chr4,515842,C,T,0.34830357142857143,0.08868902148782302,0.33,0.05546536796536793
chr4,529239,C,T,0.30285714285714277,0.08686583224179636,0.33,0.08225108225108256
chr4,538180,C,T,0.03635555555555555,0.043119366855043195,0.06,0.39407407407407413
chr4,625475,C,G,0.123125,0.10505485441376536,0.13,0.05288461538461543
chr4,635087,C,T,0.13823529411764707,0.11919864167208696,0.14,0.012605042016806756
chr4,668673,A,G,0.16036538461538458,0.10301342551873553,0.2,0.19817307692307717
chr4,673790,A,T,0.15814754098360653,0.07011391589538979,0.13,0.2165195460277425
chr4,683072,A,G,0.03845283018867925,0.048706564885955976,0.06,0.3591194968553458
chr4,684674,T,C,0.036887096774193544,0.03800047663148437,0.06,0.3852150537634409
chr4,692160,G,A,0.04112698412698412,0.03052048072989046,0.06,0.3145502645502646
chr4,776030,A,G,0.059320000000000005,0.06289785694412223,0.06,0.01133333333333322
chr4,781969,G,A,0.03171428571428571,0.047672640710043616,0.06,0.4714285714285715
chr4,787660,A,G,0.03111111111111111,0.03873612597043143,0.06,0.48148148148148145
chr4,791143,A,G,0.07894444444444443,0.07663566661043275,0.14,0.4361111111111113
chr4,793904,G,A,0.28646551724137936,0.10872147184066933,0.33,0.13192267502612318
chr4,794321,T,A,0.28589473684210526,0.1321244761313454,0.27,0.058869395711500884
chr4,797704,C,T,0.23167441860465116,0.11097333891101364,0.2,0.15837209302325572
chr4,831954,A,G,0.24014545454545452,0.09764057637520455,0.33,0.27228650137741056
chr4,835428,T,C,0.12756666666666666,0.07128989912683369,0.14,0.08880952380952394
chr4,838218,C,A,0.053192982456140354,0.049918304185256834,0.06,0.11345029239766073
chr4,839310,A,G,0.22756060606060605,0.06986363173802976,0.2,0.13780303030303018
chr4,865237,C,A,0.20294117647058824,0.0965307022174201,0.2,0.014705882352941124
chr4,887172,C,G,0.12888461538461538,0.0760749511340313,0.14,0.07939560439560454
chr4,889062,A,T,0.28150877192982454,0.08265982847252812,0.27,0.04262508122157231
chr4,899970,T,C,0.17083870967741938,0.06948692377244048,0.14,0.22027649769585256
chr4,910225,G,T,0.053526315789473686,0.05923232263817436,0.06,0.10789473684210521
chr4,925627,G,A,0.17302272727272727,0.08494799739932925,0.14,0.23587662337662327
chr4,933875,T,C,0.18000000000000002,0.07274069907778988,0.13,0.38461538461538475
chr4,989663,G,A,0.1585,0.08884876231047095,0.14,0.13214285714285706
chr4,992024,G,T,0.18037735849056605,0.0924113351387102,0.13,0.3875181422351234
chr4,1032592,A,G,0.18152380952380953,0.08620153751021163,0.13,0.39633699633699637
chr4,1036984,G,A,0.160025641025641,0.1166915608682468,0.2,0.199871794871795
chr4,1038820,C,T,0.14081632653061224,0.1062200297867175,0.13,0.08320251177394027
chr4,1049838,A,G,0.12280701754385964,0.07314795148886634,0.13,0.055330634278002784
chr4,1096152,A,C,0.5332244897959184,0.11174809194980365,0.33,0.6158317872603587
chr4,1096167,T,C,0.5332244897959184,0.11174809194980365,0.33,0.6158317872603587
chr4,1102926,C,T,0.1812051282051282,0.10985712718828068,0.13,0.3938856015779093
chr5,84637,A,G,0.1342391304347826,0.07229021288685664,0.14,0.041149068322981444
chr5,132132,C,T,0.19137931034482758,0.08105311829584932,0.2,0.043103448275862155
chr5,132201,T,C,0.05412068965517241,0.050364314011329694,0.06,0.09798850574712649
chr5,144161,T,G,0.17286666666666667,0.08830335111524261,0.2,0.1356666666666667
chr5,145385,T,C,0.3991290322580646,0.09295292019521825,0.33,0.2094819159335291
chr5,146696,A,G,0.32549999999999996,0.10261202304178237,0.27,0.20555555555555532
chr5,198142,A,T,0.44515217391304346,0.11421129879721559,0.27,0.6487117552334942
chr5,198958,A,G,0.008411764705882353,0.034682594380195615,0.06,0.8598039215686274
chr5,345188,G,A,0.30205660377358484,0.09576421667792276,0.33,0.08467695826186415
chr5,350933,G,A,0.3634528301886793,0.08565080403721036,0.33,0.10137221269296752
chr5,351005,G,A,0.22484905660377358,0.09416421748659158,0.19,0.18341608738828197
chr5,352439,A,G,0.14910714285714285,0.06274006363094944,0.13,0.14697802197802193
chr5,364200,T,G,0.127671875,0.07191751330683017,0.14,0.08805803571428587
chr5,369740,T,C,0.23951923076923076,0.09949529309679071,0.19,0.2606275303643724
chr5,385372,C,T,0.0417948717948718,0.06545998355250067,0.06,0.30341880341880334
chr5,426361,G,A,0.22090476190476188,0.10164784007250396,0.2,0.10452380952380935
chr5,472369,G,A,0.15201639344262294,0.07785852379011535,0.14,0.08583138173302088
chr5,474904,G,A,0.21117500000000003,0.10655367914089846,0.2,0.05587500000000009
chr5,598347,C,T,0.1582222222222222,0.07756498594098472,0.13,0.21709401709401696
chr5,610142,C,T,0.15996,0.09637193257248244,0.14,0.1425714285714284
chr5,614723,C,T,0.034625,0.05149592341346185,0.06,0.4229166666666666
chr5,622364,C,T,0.0354,0.033789698874065154,0.06,0.41
chr5,635277,T,C,0.0945483870967742,0.05564721353675381,0.14,0.32465437788018436
chr5,679399,T,C,0.38075,0.14109955114504558,0.33,0.15378787878787867
chr5,680745,A,G,0.19011864406779663,0.08262797487904752,0.2,0.04940677966101689
chr5,734301,C,T,0.18942105263157893,0.10391384986351249,0.19,0.0030470914127424618
chr5,797269,G,A,0.30797260273972604,0.11832687454236673,0.33,0.06674968866749688
chr5,797338,C,T,0.2978857142857143,0.08550235912621984,0.33,0.09731601731601729
chr5,797395,G,A,0.26046153846153847,0.10986488342209913,0.33,0.21072261072261075
chr5,801588,A,T,0.3572950819672131,0.10527794075086752,0.33,0.08271236959761541
chr5,826855,A,G,0.2871186440677966,0.092616577935457,0.27,0.06340238543628356
chr5,831871,C,T,0.2109433962264151,0.07691114130914065,0.19,0.11022840119165833
chr5,855823,T,C,0.37942105263157894,0.1149969756544616,0.33,0.14976076555023915
chr5,930435,C,T,0.05423529411764706,0.06428301949477341,0.06,0.09607843137254893
chr5,940677,T,C,0.13328571428571429,0.0707289426849669,0.13,0.025274725274725237
chr5,999556,T,A,0.3525789473684211,0.10208189068593429,0.27,0.30584795321637437
chr5,1007374,G,A,0.215531914893617,0.08507307627635805,0.19,0.13437849944008948
chr5,1161287,A,G,0.1391967213114754,0.07564981156004975,0.14,0.005737704918032977
chr5,1178426,C,A,0.13417741935483873,0.07010238979896602,0.13,0.032133995037220996
chr5,1188491,A,G,0.36242307692307685,0.10352802900831692,0.27,0.3423076923076919
chr5,1188542,T,C,0.045788461538461535,0.05672788038762776,0.06,0.23685897435897438
chr5,1196977,G,A,0.12287096774193548,0.07287795409100578,0.14,0.12235023041474663
chr5,1196989,A,G,0.12287096774193548,0.07287795409100578,0.14,0.12235023041474663
chr6,114520,G,A,0.20771698113207548,0.07265153324616672,0.19,0.09324726911618675
chr6,116629,G,A,0.18119148936170212,0.07968406045886367,0.2,0.09404255319148944
chr6,158543,T,A,0.1333529411764706,0.08151849849664769,0.14,0.04747899159663873
chr6,182965,T,C,0.18411627906976744,0.06588597990263019,0.2,0.07941860465116288
chr6,231858,T,C,0.11958928571428572,0.06077941541066628,0.14,0.14579081632653068
chr6,242392,T,C,0.1445833333333333,0.09118436627230718,0.13,0.11217948717948699
chr6,531935,G,A,0.19966666666666666,0.08766257006542867,0.19,0.05087719298245609
chr6,532304,T,G,0.29712500000000003,0.07689238347433143,0.33,0.09962121212121208
chr6,532523,A,G,0.10235294117647058,0.07644025733326956,0.14,0.26890756302521024
chr6,590606,A,C,0.16140677966101694,0.08203008671004505,0.13,0.24159061277705332
chr6,639086,C,T,0.4193703703703704,0.16837393095957767,0.33,0.2708193041526375
chr6,780026,T,C,0.028736842105263158,0.03731646817415176,0.06,0.5210526315789473
chr6,824200,C,T,0.3101111111111111,0.08400866144114318,0.33,0.0602693602693603
chr6,834400,G,A,0.034236363636363634,0.03362536720788815,0.06,0.4293939393939394
chr6,836560,C,T,0.12996491228070176,0.06977821111827939,0.13,0.00026990553306345424
chr6,847198,A,T,0.2861016949152542,0.10590312666988186,0.33,0.1330251669234721
chr6,887805,G,T,0.43006896551724144,0.11198070981575753,0.33,0.3032392894461861
chr6,895391,A,G,0.047214285714285716,0.05287127224279201,0.06,0.21309523809523803
chr6,909069,C,T,0.12917241379310346,0.08973452814518951,0.2,0.35413793103448277
chr6,937752,G,A,0.17004999999999998,0.08364927284476315,0.2,0.14975000000000016
chr6,938238,A,G,0.1922285714285714,0.09612555689865017,0.19,0.011729323308270449
chr6,1040344,G,A,0.16037777777777779,0.08553874424888856,0.2,0.19811111111111113
chr6,1111541,C,T,0.0473968253968254,0.04386362284529384,0.06,0.21005291005290994
chr6,1114928,A,G,0.08005555555555555,0.049601969173732906,0.06,0.33425925925925914
chr6,1115372,G,A,0.05067088607594937,0.027762140573176334,0.06,0.15548523206751047
chr6,1115453,A,C,0.05203571428571429,0.030095208932460798,0.06,0.13273809523809516
chr6,1116314,T,C,0.05375757575757576,0.07564061008439443,0.06,0.10404040404040395
chr6,1130064,G,A,0.18965625,0.08055328882963031,0.13,0.4588942307692307
chr6,1266060,G,A,0.2642857142857143,0.0919055049969233,0.33,0.19913419913419916
chr6,1266600,A,G,0.24741538461538462,0.06999685089070355,0.27,0.0836467236467237
chr6,1267260,T,C,0.2880634920634921,0.07055971459049899,0.33,0.12708032708032707
chr6,1267752,G,A,0.3003571428571429,0.09712245763469685,0.27,0.11243386243386244
chr6,1268187,A,T,0.31283333333333335,0.09829822493636915,0.33,0.05202020202020201
chr6,1282493,A,G,0.34159016393442626,0.08644928707035517,0.27,0.2651487553126898
chr6,1282691,G,A,0.23157142857142857,0.08710530025970482,0.27,0.14232804232804241
chr6,1282748,C,T,0.13193333333333332,0.06531406956862984,0.13,0.014871794871794727
chr6,1283063,A,G,0.3170322580645161,0.0972793792685949,0.27,0.1741935483870967
chr6,1289212,A,G,0.24423076923076922,0.08098934521566116,0.27,0.09544159544159553
chr7,157547,C,T,0.4170666666666667,0.09987205451339866,0.33,0.26383838383838387
chr7,157565,A,G,0.4170666666666667,0.09987205451339866,0.33,0.26383838383838387
chr7,157601,G,A,0.4170666666666667,0.09987205451339866,0.33,0.26383838383838387
chr7,162203,C,T,0.09776785714285714,0.06374751077391282,0.14,0.3016581632653062
chr7,194825,G,A,0.17266666666666663,0.09093388493059905,0.13,0.3282051282051279
chr7,204987,T,A,0.17957575757575758,0.11667932290658613,0.13,0.38135198135198134
chr7,227275,C,T,0.26033802816901414,0.06353872692235407,0.19,0.3702001482579691
chr7,228601,G,A,0.3068059701492537,0.0740370993828729,0.27,0.13631840796019884
chr7,276094,T,C,0.04994285714285715,0.07321963046693343,0.06,0.16761904761904747
chr7,298916,G,A,0.02535,0.057279807225491544,0.06,0.5775
chr7,378669,G,A,0.016964285714285713,0.03208724465954143,0.06,0.7172619047619049
chr7,392078,T,G,0.21289473684210525,0.07585505073364932,0.19,0.12049861495844866
chr7,419410,G,A,0.20508695652173917,0.10051662683621751,0.2,0.025434782608695777
chr7,419413,A,G,0.20508695652173917,0.10051662683621751,0.2,0.025434782608695777
chr7,426245,G,T,0.13737313432835818,0.06514688202052983,0.14,0.01876332622601308
chr7,430421,A,T,0.3969,0.10686096348639844,0.33,0.2027272727272726
chr7,430993,G,A,0.28273076923076923,0.09293348145780007,0.27,0.047150997150997076
chr7,431194,G,A,0.3005777777777778,0.11138191645474284,0.27,0.11325102880658429
chr7,433054,T,A,0.2606744186046512,0.08601653244476086,0.27,0.03453919035314384
chr7,433609,A,T,0.3105,0.08940566029633278,0.33,0.05909090909090914
chr7,438905,G,A,0.035555555555555556,0.05424992136633903,0.06,0.4074074074074074
chr7,449987,C,T,0.21045098039215687,0.09613164176804435,0.2,0.052254901960784306
chr7,450032,A,G,0.0397843137254902,0.05260354122128669,0.06,0.33692810457516337
chr7,450527,T,C,0.24507142857142858,0.11648734780139085,0.19,0.2898496240601504
chr7,450529,G,T,0.24507142857142858,0.11648734780139085,0.19,0.2898496240601504
chr7,451331,C,T,0.06894444444444445,0.07185737637628123,0.14,0.5075396825396825
chr7,455494,A,G,0.051187500000000004,0.0572964134074874,0.06,0.1468749999999999
chr7,456774,G,A,0.042617647058823524,0.05938932395941636,0.06,0.28970588235294126
chr7,461191,C,T,0.18347457627118643,0.08194012867525506,0.19,0.03434433541480825
chr7,464800,C,T,0.12325000000000001,0.09536737237800837,0.13,0.051923076923076864
chr7,471237,T,C,0.05173170731707317,0.05907030742693148,0.06,0.1378048780487805
chr7,472858,C,T,0.14,0.19798989873223333,0.14,0.0
chr7,472864,A,G,0.14,0.19798989873223333,0.14,0.0
chr7,473203,G,A,0.19855813953488372,0.08736221868519087,0.2,0.007209302325581479
chr7,475324,G,A,0.21364406779661016,0.07647599639460115,0.27,0.20872567482736984
chr7,483145,A,G,0.10532727272727273,0.07296017547530438,0.13,0.1897902097902098
chr7,489150,C,T,0.26630909090909094,0.07834606816749899,0.27,0.013670033670033622
chr7,489153,T,C,0.26630909090909094,0.07834606816749899,0.27,0.013670033670033622
chr7,489666,C,T,0.33677999999999997,0.11608060007721235,0.33,0.0205454545454544
chr7,492639,T,C,0.2829722222222222,0.11371329514205229,0.27,0.04804526748971171
chr7,495462,T,A,0.36493749999999997,0.10166264743247012,0.33,0.10587121212121198
chr7,501191,G,A,0.13382978723404254,0.08655290393966299,0.13,0.029459901800327204
chr7,505865,G,A,0.4063529411764706,0.12225306152278316,0.33,0.23137254901960777
chr7,612906,A,G,0.2055,0.07793730221737905,0.2,0.027499999999999886
chr7,614420,C,T,0.2129090909090909,0.0797101918534555,0.19,0.12057416267942582
chr7,614531,T,C,0.3595555555555556,0.10656593254787376,0.33,0.08956228956228957
chr7,614645,C,A,0.3247857142857143,0.11015544132885766,0.27,0.20291005291005285
chr7,619279,G,A,0.033999999999999996,0.06953543320198873,0.06,0.4333333333333334
chr7,619918,G,A,0.34178947368421053,0.1094351981261271,0.27,0.26588693957115006
chr7,619924,T,C,0.34260526315789475,0.1094834405530548,0.27,0.26890838206627676
chr7,620774,T,G,0.03914893617021277,0.05297373373885371,0.06,0.3475177304964538
chr7,631383,G,A,0.180719298245614,0.10532852591262881,0.14,0.2908521303258142
chr7,674338,A,G,0.0275,0.03547609323881876,0.06,0.5416666666666667
chr7,691736,C,G,0.14558064516129032,0.09102921662614642,0.13,0.11985111662531014
chr7,692714,T,C,0.16561818181818183,0.09256178935438127,0.13,0.273986013986014
chr7,699262,G,C,0.16148076923076926,0.09904672899640289,0.19,0.15010121457489864
chr7,700615,T,C,0.26903571428571427,0.1352551723233224,0.27,0.0035714285714287066
chr7,704373,A,G,0.21065625000000002,0.0827643851688693,0.19,0.10871710526315798
chr7,705531,A,G,0.303225,0.11345720700119857,0.33,0.08113636363636362
chr7,706335,T,C,0.21385714285714288,0.0905445777365563,0.33,0.3519480519480519
chr7,725998,G,A,0.06137499999999999,0.0607939054196242,0.06,0.02291666666666657
chr7,736978,A,C,0.0339,0.05228903890629077,0.06,0.435
chr7,743191,T,C,0.037064516129032256,0.06158513645562592,0.06,0.38225806451612904
chr7,744613,C,T,0.056,0.0611127213097433,0.06,0.06666666666666661
chr7,774722,T,C,0.15173333333333333,0.14030949370227414,0.2,0.2413333333333334
chr7,880789,A,G,0.3042142857142857,0.11333988076325371,0.27,0.12671957671957665
chr7,884366,C,T,0.260890625,0.09106741218189927,0.27,0.03373842592592604
chr7,884384,T,C,0.26209375,0.08802375558688147,0.27,0.02928240740740742
chr7,894384,C,G,0.30243181818181825,0.11849588310526407,0.33,0.08353994490358112
chr7,905648,G,A,0.16591111111111112,0.09193372667857047,0.2,0.17044444444444445
chr7,1011137,T,C,0.17098360655737704,0.0800894274760572,0.13,0.31525851197982335
chr7,1044052,T,C,0.034536585365853655,0.043605101514029077,0.06,0.42439024390243907
chr7,1048937,T,G,0.30511111111111117,0.09273087874605672,0.27,0.13004115226337462
chr7,1093689,T,A,0.05687037037037036,0.04601068222821219,0.06,0.052160493827160585
chr7,1093704,C,T,0.0003584905660377358,0.002609850715025091,0.06,0.9940251572327045
chr7,1105526,G,A,0.43912244897959185,0.10562169771032315,0.33,0.33067408781694496
chr7,1168247,T,A,0.14896491228070172,0.06432283667793064,0.2,0.25517543859649144
chr7,1234511,C,T,0.1483921568627451,0.07736331906824384,0.13,0.14147812971342377
chr7,1256654,A,G,0.22880597014925375,0.07501014856710858,0.2,0.14402985074626867
chr7,1257296,G,A,0.1647678571428572,0.0839272392820501,0.14,0.17691326530612267
chr7,1269371,C,T,0.265625,0.09118571766665533,0.19,0.3980263157894737
chr8,149943,A,T,0.12602380952380954,0.07465481151737335,0.14,0.0998299319727891
chr8,157014,A,G,0.17552380952380955,0.08805104896682353,0.13,0.3501831501831504
chr8,262211,A,T,0.12557894736842107,0.07641216885334548,0.14,0.10300751879699246
chr8,262214,C,T,0.12557894736842107,0.07641216885334548,0.14,0.10300751879699246
chr8,339637,A,T,0.17020000000000002,0.10607127692958959,0.13,0.3092307692307693
chr8,396812,A,G,0.3115846153846154,0.08776351254715928,0.33,0.05580419580419579
chr8,406969,C,T,0.11372916666666666,0.07003425896715132,0.14,0.18764880952380966
chr8,406993,C,T,0.11389583333333335,0.0701373241404935,0.14,0.1864583333333333
chr8,413022,T,C,0.3375526315789474,0.11603137911286572,0.27,0.25019493177387914
chr8,413067,A,G,0.17281578947368423,0.08101246325975986,0.13,0.32935222672064784
chr8,416476,T,C,0.06897727272727272,0.0408733088755427,0.06,0.14962121212121204
chr8,416482,G,A,0.06897727272727272,0.0408733088755427,0.06,0.14962121212121204
chr8,416491,G,A,0.06897727272727272,0.0408733088755427,0.06,0.14962121212121204
chr8,416821,C,T,0.38531034482758614,0.1014711447872764,0.33,0.16760710553813976
chr8,422094,T,C,0.14325581395348838,0.06469013799249752,0.14,0.02325581395348834
chr8,422166,G,A,0.11865151515151515,0.08471644875687773,0.13,0.08729603729603737
chr8,422505,C,T,0.15568253968253967,0.07444652235141797,0.2,0.2215873015873017
chr8,424167,T,C,0.3103142857142857,0.09246804580934065,0.33,0.059653679653679716
chr8,468669,T,C,0.1981111111111111,0.07249652074212432,0.19,0.04269005847953209
chr8,476310,A,T,0.38655555555555554,0.15228846895867648,0.33,0.17138047138047127
chr8,483714,A,G,0.3394464285714286,0.08281829390415385,0.27,0.2572089947089947
chr8,486805,G,A,0.3922909090909091,0.11876613695071205,0.33,0.1887603305785123
chr8,486832,A,G,0.3922909090909091,0.11876613695071205,0.33,0.1887603305785123
chr8,486841,T,C,0.39238181818181816,0.11874911163942034,0.33,0.1890358126721762
chr8,492502,T,A,0.1980697674418605,0.09400845842107258,0.2,0.009651162790697554
chr8,495550,T,C,0.14492857142857143,0.06804502376220595,0.13,0.11483516483516484
chr8,501042,T,C,0.1544328358208955,0.08268381247176847,0.13,0.1879448909299654
chr8,501054,T,C,0.15431343283582089,0.08271367351606344,0.13,0.1870264064293914
chr8,505739,A,G,0.17296000000000003,0.0981552206810151,0.2,0.1351999999999999
chr8,509321,G,A,0.043786885245901644,0.046685513368388123,0.06,0.27021857923497256
chr8,526923,A,C,0.2878030303030303,0.08619820089091093,0.33,0.1278696051423325
chr8,572299,A,G,0.21002380952380953,0.10064995803986333,0.13,0.6155677655677656
chr8,703997,T,C,0.15260655737704917,0.05391421540698538,0.13,0.17389659520807052
chr8,704027,G,T,0.1520163934426229,0.053673858256224595,0.13,0.16935687263556082
chr8,711421,C,T,0.14313559322033897,0.07246674805280638,0.13,0.10104302477183823
chr8,712741,T,C,0.15429545454545457,0.07474315074646982,0.19,0.18791866028708124
chr8,724801,C,T,0.19279999999999997,0.10795527396320473,0.13,0.4830769230769228
chr8,739292,T,G,0.22928260869565215,0.08849197403493174,0.2,0.14641304347826067
chr8,958663,A,G,0.03982812499999999,0.0415690493407684,0.06,0.33619791666666676
chr8,1062754,C,T,0.3982727272727273,0.1298904966713929,0.33,0.20688705234159777
chr8,1099695,G,A,0.2169649122807017,0.07492924398397481,0.19,0.14192059095106152
chr8,1100055,G,A,0.08648437499999999,0.05310904989317316,0.14,0.3822544642857144
chr8,1100058,A,G,0.08648437499999999,0.05310904989317316,0.14,0.3822544642857144
chr8,1103899,T,C,0.17872,0.11332016590174937,0.19,0.05936842105263164
chr8,1111913,C,T,0.2179375,0.1118810930826192,0.2,0.08968749999999998
chr8,1111945,C,G,0.22108333333333333,0.107615318322201,0.2,0.10541666666666658
chr8,1113495,G,A,0.04432075471698114,0.048273967178094616,0.06,0.261320754716981
chr8,1114155,C,T,0.03955555555555556,0.04639139592814185,0.06,0.3407407407407407
chr8,1115375,G,A,0.14585106382978724,0.08113675485237314,0.14,0.04179331306990877
chr8,1116300,A,G,0.07121666666666666,0.06742229467475161,0.06,0.18694444444444444
chr8,1117245,A,T,0.182484375,0.06130382110556288,0.2,0.08757812500000003
chr8,1176413,T,C,0.3598888888888889,0.09320416231593884,0.27,0.33292181069958854
chr8,1201455,C,T,0.1921142857142857,0.11013408176575748,0.2,0.03942857142857151
chr8,1215502,T,C,0.03164516129032258,0.03664141559572726,0.06,0.4725806451612903
chr8,1297594,A,G,0.19881967213114754,0.07841906830117305,0.2,0.005901639344262355
chr8,1313202,T,C,0.20768571428571425,0.07622211020454377,0.2,0.0384285714285712
chr8,1363213,T,C,0.10376190476190476,0.05270940244387887,0.14,0.258843537414966
chr8,1363222,A,T,0.10376190476190476,0.05270940244387887,0.14,0.258843537414966
chr8,1363303,T,C,0.2039855072463768,0.0628297168247879,0.19,0.0736079328756673
chr9,95530,T,A,0.4140555555555555,0.09873624416570485,0.33,0.2547138047138045
chr9,123040,A,G,0.14216393442622952,0.0775652801038946,0.14,0.015456674473067873
chr9,157331,A,T,0.15188888888888888,0.07727414772619648,0.14,0.08492063492063474
chr9,157982,T,C,0.40055,0.10982442459347619,0.33,0.21378787878787878
chr9,159227,C,T,0.04832692307692307,0.04878111220538096,0.06,0.19455128205128208
chr9,225542,C,T,0.13489583333333335,0.09371192607481976,0.14,0.03645833333333328
chr9,283356,T,G,0.23893999999999999,0.10504389947220415,0.27,0.11503703703703715
chr9,283868,A,G,0.04187096774193548,0.04172685728305277,0.06,0.30215053763440863
chr9,302767,T,C,0.3048870967741935,0.10190514793198459,0.27,0.12921146953404997
chr9,596041,A,G,0.1335373134328358,0.06485118824597914,0.13,0.027210103329506224
chr9,596332,G,A,0.1118970588235294,0.05130189828203018,0.13,0.13925339366515846
chr9,597897,A,G,0.13253125000000002,0.05821715471555273,0.2,0.33734374999999994
chr9,597966,C,T,0.026437500000000003,0.030111894501611662,0.06,0.559375
chr9,599322,G,A,0.21296000000000004,0.09820926428721852,0.19,0.12084210526315808
chr9,602885,G,A,0.29517391304347823,0.09254123509677573,0.33,0.10553359683794479
chr9,631776,C,T,0.2327846153846154,0.07674093845279313,0.27,0.13783475783475785
chr9,653234,A,G,0.3420655737704918,0.07609530621802701,0.33,0.036562344759065994
chr9,678471,A,G,0.34998461538461534,0.09820490254878005,0.33,0.06055944055944037
chr9,685667,C,A,0.3124444444444444,0.18017568586737162,0.33,0.053198653198653335
chr9,817567,T,C,0.181,0.07859701982533261,0.13,0.3923076923076922
chr9,831911,C,T,0.14747457627118646,0.08388628508432348,0.13,0.13441981747066503
chr9,917264,A,G,0.10456140350877192,0.06941825036479436,0.14,0.2531328320802006
chr9,1015339,T,C,0.19988235294117648,0.0824736678119322,0.33,0.3942959001782531
chr9,1080655,A,G,0.13280327868852457,0.08860489446077102,0.14,0.051405152224824606
chr9,1085080,A,C,0.14498360655737705,0.07047233305898107,0.14,0.035597189695550244
chr9,1111456,A,T,0.3773749999999999,0.103102519588294,0.33,0.14356060606060572
chr9,1129679,C,T,0.24092307692307693,0.08083805332505611,0.27,0.10769230769230771
chr9,1202426,A,C,0.19099999999999998,0.0894172623630954,0.19,0.005263157894736701
chr9,1202447,T,C,0.19099999999999998,0.0894172623630954,0.19,0.005263157894736701
chr9,1208483,A,C,0.151,0.07693861852417265,0.14,0.07857142857142843
chr9,1315442,C,T,0.17039655172413792,0.06950247746566808,0.19,0.10317604355716883
chr9,1341618,G,T,0.102,0.06417857032443842,0.13,0.21538461538461545
chr9,1347188,T,C,0.1392758620689655,0.07149378407613141,0.2,0.3036206896551725
chr9,1406587,G,A,0.12332786885245901,0.06986408741537038,0.13,0.051324085750315315
chr10,115205,G,A,0.16338888888888892,0.0945479267753468,0.14,0.16706349206349216
chr11,241970,A,G,0.1295625,0.06854658495148126,0.14,0.07455357142857154
chr12,943339,C,T,0.27401785714285715,0.09402368967860823,0.14,0.9572704081632651
chr13,1595988,T,C,0.1634375,0.09831612524846048,0.2,0.1828125
chr14,371725,G,A,0.10979310344827586,0.04260951158977225,0.14,0.21576354679802962
chr14,564339,C,T,0.20375675675675678,0.08793349930657997,0.19,0.07240398293029883
chr14,1636229,C,T,0.17725,0.11624112869376312,0.13,0.36346153846153834
chr3,812699,C,T,0.15006666666666665,0.0803660832978239,0.14,0.07190476190476171
chr4,738775,G,A,0.037981481481481484,0.05283026960411092,0.06,0.36697530864197525
chr4,802695,C,T,0.1206829268292683,0.07821299093641358,0.19,0.3648267008985879
chr6,1235507,C,T,0.05688888888888889,0.06781688697315853,0.06,0.051851851851851774
chr6,1241113,G,A,0.04523684210526316,0.0668845048150375,0.06,0.24605263157894733
chr7,375471,T,A,0.019,0.04654030511288039,0.06,0.6833333333333332
chr7,426524,G,A,0.2962105263157895,0.10801230107492057,0.27,0.09707602339181282
chr7,435368,T,C,0.04261224489795919,0.05768008622513298,0.06,0.28979591836734686
chr7,435497,A,T,0.025184210526315788,0.042063565323665376,0.06,0.5802631578947368
chr7,732865,G,A,0.02790625,0.03827084710448984,0.06,0.5348958333333333
chr8,417760,A,G,0.044833333333333336,0.04774637485774954,0.06,0.2527777777777777
chr8,501390,A,C,0.05088888888888889,0.06603477261995042,0.06,0.15185185185185174
chr9,1379494,A,T,0.23905555555555558,0.08714040214237362,0.33,0.27558922558922555
