,#CHROM,POS,REF,ALT,Observed,std,Expected
0,chr7,465019,C,T,0.0,0.0,0.0
1,chr10,1498888,A,T,0.0,0.0,0.0
2,chr6,991899,T,A,0.0,0.0,0.0
3,chr6,962327,T,G,0.0,0.0,0.0
4,chr9,880928,G,T,0.0,0.0,0.0
5,chr11,256962,A,T,0.0,0.0,0.0
6,chr11,265114,C,T,0.0,0.0,0.0
7,chr8,1174850,G,A,0.0003484848484848485,0.002831104292524653,0.0
8,chr11,318674,A,G,0.0,0.0,0.0
9,chr11,324013,T,C,0.0,0.0,0.0
10,chr11,325228,T,C,0.0,0.0,0.0
11,chr11,408413,A,G,0.0,0.0,0.0
12,chr11,408965,G,T,0.0,0.0,0.0
13,chr11,458037,C,T,0.0,0.0,0.0
14,chr10,1463519,A,G,0.0,0.0,0.0
15,chr8,1178845,C,T,0.0,0.0,0.0
16,chr11,529804,C,T,0.0,0.0,0.0
17,chr11,571361,A,G,0.0,0.0,0.0
18,chr11,644562,G,A,0.0013582089552238805,0.011117419436423774,0.0
19,chr11,659205,T,C,0.0,0.0,0.0
20,chr6,816606,A,G,0.0,0.0,0.0
21,chr11,690218,C,A,0.0,0.0,0.0
22,chr6,803395,T,C,0.0006363636363636364,0.0042211588240886905,0.0
23,chr6,788021,C,T,0.0,0.0,0.0
24,chr11,719742,T,G,0.0,0.0,0.0
25,chr11,740730,T,C,0.0,0.0,0.0
26,chr6,776260,G,A,0.0,0.0,0.0
27,chr11,888290,A,G,0.0,0.0,0.0
28,chr11,897536,T,C,0.0,0.0,0.0
29,chr11,526330,C,T,0.0,0.0,0.0
30,chr6,1002835,A,G,0.0,0.0,0.0
31,chr6,1027653,A,G,0.0,0.0,0.0
32,chr6,1028182,G,T,0.0,0.0,0.0
33,chr9,981718,A,G,0.0,0.0,0.0
34,chr8,1144251,A,T,0.0,0.0,0.0
35,chr8,1171170,T,C,0.0,0.0,0.0
36,chr10,595511,G,A,0.0,0.0,0.0
37,chr10,638138,T,A,0.0,0.0,0.0
38,chr10,638636,T,C,0.0,0.0,0.0
39,chr10,638837,C,T,0.0,0.0,0.0
40,chr10,699403,A,G,0.0,0.0,0.0
41,chr10,714026,G,A,0.0,0.0,0.0
42,chr10,716468,C,T,0.0,0.0,0.0
43,chr10,754119,G,A,0.0,0.0,0.0
44,chr10,759927,C,T,0.0,0.0,0.0
45,chr10,797802,A,G,0.0,0.0,0.0
46,chr6,1256674,A,G,0.0,0.0,0.0
47,chr10,964859,A,G,0.0,0.0,0.0
48,chr6,1252136,T,C,0.0,0.0,0.0
49,chr10,1035800,T,C,0.0,0.0,0.0
50,chr10,1041222,A,G,0.0,0.0,0.0
51,chr10,1063886,G,C,0.0,0.0,0.0
52,chr6,1151994,A,G,0.0,0.0,0.0
53,chr6,1136295,T,C,0.0,0.0,0.0
54,chr10,1128179,T,C,0.0,0.0,0.0
55,chr6,1132350,G,T,0.0,0.0,0.0
56,chr10,1320083,A,G,0.0,0.0,0.0
57,chr10,1320086,G,T,0.0,0.0,0.0
58,chr10,1341720,A,G,0.0,0.0,0.0
59,chr9,913616,T,C,0.0,0.0,0.0
60,chr9,909944,C,T,0.0,0.0,0.0
61,chr6,1056479,A,G,0.0,0.0,0.0
62,chr11,902534,T,C,0.0,0.0,0.0
63,chr10,424305,A,G,0.0,0.0,0.0
64,chr11,987202,T,C,0.0,0.0,0.0
65,chr11,1019739,G,A,0.0,0.0,0.0
66,chr12,418961,C,A,0.0009333333333333334,0.006260990336999411,0.0
67,chr12,606896,C,T,0.0,0.0,0.0
68,chr12,640429,A,T,0.0,0.0,0.0
69,chr12,642250,T,C,0.0,0.0,0.0
70,chr12,657927,G,A,0.0,0.0,0.0
71,chr12,696302,C,T,0.0,0.0,0.0
72,chr6,114745,T,C,0.0,0.0,0.0
73,chr12,713905,A,G,0.0,0.0,0.0
74,chr5,1309298,T,A,0.0,0.0,0.0
75,chr12,733153,G,A,0.0,0.0,0.0
76,chr12,751029,A,G,0.0,0.0,0.0
77,chr12,753957,T,C,0.0,0.0,0.0
78,chr5,1303863,A,G,0.0,0.0,0.0
79,chr12,394228,A,T,0.0,0.0,0.0
80,chr5,1283713,G,A,0.0,0.0,0.0
81,chr5,1188335,G,A,0.0,0.0,0.0
82,chr12,807679,C,T,0.0,0.0,0.0
83,chr5,1187705,G,A,0.0,0.0,0.0
84,chr12,813217,C,T,0.0,0.0,0.0
85,chr9,739616,T,C,0.0,0.0,0.0
86,chr12,1068851,G,C,0.0,0.0,0.0
87,chr5,1187684,A,T,0.0,0.0,0.0
88,chr12,1092523,A,G,0.0,0.0,0.0
89,chr12,1116294,C,T,0.0,0.0,0.0
90,chr12,1126440,C,T,0.0,0.0,0.0
91,chr12,1148572,A,G,0.0,0.0,0.0
92,chr5,1181373,A,G,0.0,0.0,0.0
93,chr12,1173724,C,G,0.0,0.0,0.0
94,chr12,762388,A,T,0.0,0.0,0.0
95,chr12,367530,A,G,0.0,0.0,0.0
96,chr9,770345,C,T,0.0,0.0,0.0
97,chr12,331294,T,C,0.0,0.0,0.0
98,chr6,621173,A,G,0.0,0.0,0.0
99,chr11,1084422,G,A,0.0,0.0,0.0
100,chr9,850783,C,T,0.0,0.0,0.0
101,chr11,1108310,G,A,0.0,0.0,0.0
102,chr11,1114208,A,G,0.0,0.0,0.0
103,chr6,571121,A,G,0.0,0.0,0.0
104,chr11,1157111,A,T,0.0,0.0,0.0
105,chr6,529076,G,A,0.0,0.0,0.0
106,chr11,1287484,A,G,0.0,0.0,0.0
107,chr6,491628,T,A,0.0,0.0,0.0
108,chr11,1508304,A,G,0.0,0.0,0.0
109,chr11,1637389,G,A,0.0,0.0,0.0
110,chr6,408976,C,T,0.0,0.0,0.0
111,chr11,1659750,C,T,0.0,0.0,0.0
112,chr6,380877,A,C,0.0,0.0,0.0
113,chr11,1815131,A,G,0.0,0.0,0.0
114,chr11,1831402,G,A,0.0,0.0,0.0
115,chr6,345483,C,T,0.0,0.0,0.0
116,chr11,1900435,G,T,0.0,0.0,0.0
117,chr11,1912576,G,A,0.0,0.0,0.0
118,chr6,321567,A,C,0.0,0.0,0.0
119,chr6,148827,T,C,0.0,0.0,0.0
120,chr12,83177,T,C,0.0,0.0,0.0
121,chr6,136342,C,T,0.0,0.0,0.0
122,chr12,96155,T,C,0.0,0.0,0.0
123,chr12,114173,C,T,0.0,0.0,0.0
124,chr12,123645,T,C,0.0,0.0,0.0
125,chr6,120018,G,A,0.0,0.0,0.0
126,chr12,316929,T,A,0.0,0.0,0.0
127,chr6,634139,T,A,0.0,0.0,0.0
128,chr12,1195282,A,G,0.0,0.0,0.0
129,chr6,1268325,G,A,0.0,0.0,0.0
130,chr10,375664,T,C,0.0,0.0,0.0
131,chr8,555660,T,C,0.0,0.0,0.0
132,chr8,557087,A,G,0.0,0.0,0.0
133,chr8,559809,T,C,0.0,0.0,0.0
134,chr8,562548,A,C,0.0,0.0,0.0
135,chr8,579963,A,T,0.0,0.0,0.0
136,chr7,470982,A,G,0.0,0.0,0.0
137,chr7,469353,A,G,0.0,0.0,0.0
138,chr7,469248,A,C,0.0024307692307692307,0.019597488065094933,0.0
139,chr8,586054,A,T,0.0,0.0,0.0
140,chr8,591422,G,C,0.0,0.0,0.0
141,chr8,591455,A,G,0.0,0.0,0.0
142,chr8,599367,G,C,0.0,0.0,0.0
143,chr8,599634,A,G,0.0,0.0,0.0
144,chr8,554173,G,T,0.0,0.0,0.0
145,chr8,606655,C,T,0.0,0.0,0.0
146,chr8,620010,G,A,0.0,0.0,0.0
147,chr8,628698,G,A,0.0,0.0,0.0
148,chr8,628911,T,G,0.0,0.0,0.0
149,chr8,673827,A,T,0.0,0.0,0.0
150,chr8,682301,T,C,0.0,0.0,0.0
151,chr8,703454,C,A,0.0,0.0,0.0
152,chr8,713998,A,T,0.0,0.0,0.0
153,chr8,714198,G,T,0.0,0.0,0.0
154,chr9,1249583,A,G,0.0,0.0,0.0
155,chr8,1001970,C,T,0.0,0.0,0.0
156,chr8,1063363,A,G,0.0,0.0,0.0
157,chr8,1147488,C,A,0.0,0.0,0.0
158,chr8,1325198,T,C,0.0,0.0,0.0
159,chr8,616058,C,T,0.0,0.0,0.0
160,chr8,549993,A,G,0.0,0.0,0.0
161,chr8,549681,T,G,0.0,0.0,0.0
162,chr8,549666,A,G,0.0,0.0,0.0
163,chr7,497580,A,T,0.0,0.0,0.0
164,chr7,817583,G,C,0.0,0.0,0.0
165,chr7,886501,C,T,0.0,0.0,0.0
166,chr7,905171,C,A,0.0,0.0,0.0
167,chr7,956463,A,G,0.0,0.0,0.0
168,chr7,1026510,A,G,0.0,0.0,0.0
169,chr7,1050972,C,A,0.0,0.0,0.0
170,chr7,1053154,G,T,0.0,0.0,0.0
171,chr7,1056801,A,T,0.0,0.0,0.0
172,chr7,1112029,C,T,0.0,0.0,0.0
173,chr7,1133686,T,C,0.0,0.0,0.0
174,chr7,1134417,T,A,0.0,0.0,0.0
175,chr7,1369199,G,A,0.0,0.0,0.0
176,chr9,1289585,T,C,0.0,0.0,0.0
177,chr8,102094,T,C,0.0,0.0,0.0
178,chr9,1282210,T,C,0.0,0.0,0.0
179,chr8,411361,T,G,0.0,0.0,0.0
180,chr8,414715,C,T,0.0,0.0,0.0
181,chr8,477797,A,T,0.0,0.0,0.0
182,chr8,491465,C,T,0.0,0.0,0.0
183,chr8,497184,T,A,0.0,0.0,0.0
184,chr8,503494,C,T,0.0,0.0,0.0
185,chr8,517675,C,T,0.0,0.0,0.0
186,chr8,521529,T,C,0.0,0.0,0.0
187,chr8,525973,T,C,0.0,0.0,0.0
188,chr8,529764,T,A,0.0,0.0,0.0
189,chr8,542281,A,G,0.0,0.0,0.0
190,chr8,542685,A,T,0.0,0.0,0.0
191,chr8,544529,T,C,0.0,0.0,0.0
192,chr8,1325396,G,T,0.0,0.0,0.0
193,chr9,1076011,C,T,0.0,0.0,0.0
194,chr8,1344569,T,C,0.0,0.0,0.0
195,chr9,115178,T,C,0.0,0.0,0.0
196,chr1,182927,T,C,0.0,0.0,0.0
197,chr1,239376,G,T,0.0,0.0,0.0
198,chr1,244080,T,C,0.0,0.0,0.0
199,chr7,264223,A,T,0.0,0.0,0.0
200,chr1,309042,C,T,0.0,0.0,0.0
201,chr7,226222,A,G,0.0,0.0,0.0
202,chr1,397985,G,A,0.0,0.0,0.0
203,chr7,226177,A,G,0.0,0.0,0.0
204,chr7,203171,T,A,0.0,0.0,0.0
205,chr7,199193,C,T,0.0,0.0,0.0
206,chr1,536312,A,G,0.0,0.0,0.0
207,chr1,536315,T,C,0.0,0.0,0.0
208,chr10,92927,T,G,0.0,0.0,0.0
209,chr1,167899,C,T,0.0,0.0,0.0
210,chr10,93086,A,G,0.0,0.0,0.0
211,chr10,129644,G,A,0.0,0.0,0.0
212,chr10,146075,C,T,0.0,0.0,0.0
213,chr10,169428,T,C,0.0,0.0,0.0
214,chr10,189952,T,C,0.0,0.0,0.0
215,chr10,190030,C,T,0.0,0.0,0.0
216,chr6,1291860,A,C,0.0,0.0,0.0
217,chr6,1280801,G,A,0.0,0.0,0.0
218,chr10,238016,A,G,0.0,0.0,0.0
219,chr10,240614,C,T,0.0,0.0,0.0
220,chr6,1268973,C,T,0.0,0.0,0.0
221,chr6,1268778,A,G,0.0,0.0,0.0
222,chr9,1080391,G,T,0.0,0.0,0.0
223,chr10,361684,A,G,0.0,0.0,0.0
224,chr7,125579,T,C,0.0,0.0,0.0
225,chr7,354126,C,T,0.0,0.0,0.0
226,chr1,138823,C,T,0.0,0.0,0.0
227,chr7,358917,T,C,0.0,0.0,0.0
228,chr9,289408,A,T,0.0,0.0,0.0
229,chr9,291211,C,T,0.0,0.0,0.0
230,chr9,292704,G,A,0.0,0.0,0.0
231,chr9,300174,G,A,0.0,0.0,0.0
232,chr9,453522,G,C,0.0,0.0,0.0
233,chr9,456109,T,C,0.0,0.0,0.0
234,chr9,479660,C,T,0.0,0.0,0.0
235,chr9,512763,T,C,0.0,0.0,0.0
236,chr9,517008,A,G,0.0,0.0,0.0
237,chr9,573256,T,A,0.0,0.0,0.0
238,chr9,596674,T,C,0.0035087719298245615,0.026490647141300876,0.0
239,chr9,747558,G,A,0.0,0.0,0.0
240,chr7,431908,A,T,0.0,0.0,0.0
241,chr9,951261,A,G,0.0,0.0,0.0
242,chr7,420336,A,G,0.0,0.0,0.0
243,chr9,966860,T,G,0.0,0.0,0.0
244,chr9,974114,A,T,0.0,0.0,0.0
245,chr9,976640,G,C,0.0,0.0,0.0
246,chr9,1076478,T,C,0.0,0.0,0.0
247,chr7,418378,G,A,0.0,0.0,0.0
248,chr7,417622,T,C,0.0,0.0,0.0
249,chr7,411352,C,T,0.0,0.0,0.0
250,chr7,411244,T,C,0.0,0.0,0.0
251,chr7,409108,C,T,0.0,0.0,0.0
252,chr7,384293,A,G,0.0,0.0,0.0
253,chr9,1419331,C,T,0.0,0.0,0.0
254,chr9,1422363,C,T,0.0,0.0,0.0
255,chr9,1433411,G,A,0.0,0.0,0.0
256,chr9,1433474,G,A,0.0,0.0,0.0
257,chr8,1344735,A,T,0.0,0.0,0.0
258,chr12,1320059,C,T,0.0,0.0,0.0
259,chr12,1322498,A,G,0.0,0.0,0.0
260,chr5,1172818,C,T,0.0008333333333333334,0.00645497224367903,0.0
261,chr9,494966,C,T,0.0,0.0,0.0
262,chr9,492627,C,T,0.0,0.0,0.0
263,chr14,2712258,G,A,0.0,0.0,0.0
264,chr14,2732630,T,C,0.0,0.0,0.0
265,chr14,2733656,C,T,0.0,0.0,0.0
266,chr4,860463,T,C,0.0,0.0,0.0
267,chr4,856599,A,G,0.0,0.0,0.0
268,chr14,2856580,G,T,0.0,0.0,0.0
269,chr14,2887523,G,A,0.0,0.0,0.0
270,chr4,856066,T,A,0.0,0.0,0.0
271,chr4,848597,T,C,0.0,0.0,0.0
272,chr14,3045897,G,A,0.0,0.0,0.0
273,chr14,3193605,C,T,0.0,0.0,0.0
274,chr9,541423,G,A,0.0,0.0,0.0
275,chr9,464670,T,C,0.0,0.0,0.0
276,chr4,836490,C,T,0.0,0.0,0.0
277,chr2,276069,C,T,0.0,0.0,0.0
278,chr2,278010,G,T,0.0,0.0,0.0
279,chr2,292095,T,C,0.0,0.0,0.0
280,chr2,310065,C,A,0.0,0.0,0.0
281,chr2,320620,T,G,0.0,0.0,0.0
282,chr4,832143,T,C,0.0,0.0,0.0
283,chr9,156401,T,C,0.0,0.0,0.0
284,chr2,322746,T,C,0.0,0.0,0.0
285,chr2,322845,G,A,0.0,0.0,0.0
286,chr2,322863,C,T,0.0,0.0,0.0
287,chr2,323022,T,A,0.0,0.0,0.0
288,chr2,372738,C,T,0.0,0.0,0.0
289,chr9,375323,T,C,0.0,0.0,0.0
290,chr14,2639935,A,C,0.0,0.0,0.0
291,chr9,586708,A,G,0.0,0.0,0.0
292,chr4,865912,T,G,0.0,0.0,0.0
293,chr14,1193881,C,T,0.001576271186440678,0.01210756872121662,0.0
294,chr14,1236727,A,G,0.0,0.0,0.0
295,chr14,1336795,T,C,0.0,0.0,0.0
296,chr4,1037890,C,G,0.0,0.0,0.0
297,chr14,1397764,C,T,0.0,0.0,0.0
298,chr4,1035499,A,G,0.0,0.0,0.0
299,chr14,1467935,T,C,0.0,0.0,0.0
300,chr14,1576037,T,C,0.0,0.0,0.0
301,chr4,1035493,G,A,0.0,0.0,0.0
302,chr14,1661154,C,T,0.0,0.0,0.0
303,chr14,1745284,A,G,0.0,0.0,0.0
304,chr14,1745506,A,T,0.0,0.0,0.0
305,chr4,1032565,T,A,0.0,0.0,0.0
306,chr14,1798787,C,T,0.0,0.0,0.0
307,chr4,1032346,T,A,0.0,0.0,0.0
308,chr14,1823182,G,A,0.0,0.0,0.0
309,chr4,1029658,T,A,0.0,0.0,0.0
310,chr14,2000031,C,A,0.0,0.0,0.0
311,chr14,2098642,A,G,0.0,0.0,0.0
312,chr14,2144375,G,A,0.0,0.0,0.0
313,chr4,932894,A,G,0.0,0.0,0.0
314,chr14,2169240,A,C,0.0,0.0,0.0
315,chr4,930011,A,G,0.0,0.0,0.0
316,chr14,2267836,A,G,0.0,0.0,0.0
317,chr14,2287572,A,G,0.0,0.0,0.0
318,chr14,2331595,C,T,0.0,0.0,0.0
319,chr4,920566,G,A,0.0,0.0,0.0
320,chr14,2351869,C,T,0.0,0.0,0.0
321,chr4,897462,C,A,0.0,0.0,0.0
322,chr2,375825,A,C,0.0,0.0,0.0
323,chr4,1050905,C,T,0.0,0.0,0.0
324,chr4,789241,T,C,0.0,0.0,0.0
325,chr2,504300,A,C,0.0,0.0,0.0
326,chr4,516697,A,G,0.0,0.0,0.0
327,chr3,510782,A,G,0.0,0.0,0.0
328,chr3,514084,T,C,0.0,0.0,0.0
329,chr3,645241,G,A,0.0,0.0,0.0
330,chr3,654452,G,A,0.0,0.0,0.0
331,chr3,674673,C,A,0.0,0.0,0.0
332,chr3,680179,G,A,0.0,0.0,0.0
333,chr3,683314,C,T,0.0,0.0,0.0
334,chr3,730277,A,G,0.0,0.0,0.0
335,chr3,750882,A,G,0.0,0.0,0.0
336,chr3,752418,A,T,0.0,0.0,0.0
337,chr3,756863,G,T,0.0,0.0,0.0
338,chr3,777465,A,T,0.0,0.0,0.0
339,chr3,507451,C,T,0.0,0.0,0.0
340,chr3,796056,T,C,0.0,0.0,0.0
341,chr3,879466,A,C,0.0,0.0,0.0
342,chr3,887238,T,C,0.0,0.0,0.0
343,chr4,390170,C,T,0.0,0.0,0.0
344,chr3,896996,G,A,0.0,0.0,0.0
345,chr9,225902,A,T,0.0,0.0,0.0
346,chr3,916641,A,G,0.0,0.0,0.0
347,chr3,917487,T,C,0.0,0.0,0.0
348,chr3,920967,A,G,0.0,0.0,0.0
349,chr4,187225,C,T,0.0,0.0,0.0
350,chr4,144991,G,A,0.0,0.0,0.0
351,chr3,946197,G,A,0.0,0.0,0.0
352,chr3,988828,G,T,0.0,0.0,0.0
353,chr4,130689,A,G,0.0,0.0,0.0
354,chr4,515611,A,G,0.0,0.0,0.0
355,chr3,507008,G,A,0.0,0.0,0.0
356,chr4,521290,C,T,0.0,0.0,0.0
357,chr4,521293,A,G,0.0,0.0,0.0
358,chr2,512104,T,C,0.0,0.0,0.0
359,chr2,516865,C,T,0.0,0.0,0.0
360,chr4,788206,G,A,0.0,0.0,0.0
361,chr2,550704,C,T,0.0,0.0,0.0
362,chr2,554110,G,A,0.0,0.0,0.0
363,chr4,788194,C,T,0.0,0.0,0.0
364,chr2,651509,A,G,0.0,0.0,0.0
365,chr2,693095,T,A,0.0,0.0,0.0
366,chr2,709850,C,T,0.0,0.0,0.0
367,chr2,712208,A,G,0.0,0.0,0.0
368,chr4,691520,A,G,0.0,0.0,0.0
369,chr2,841795,T,G,0.0,0.0,0.0
370,chr2,841819,C,T,0.0,0.0,0.0
371,chr3,71323,T,C,0.0,0.0,0.0
372,chr3,104807,A,G,0.0,0.0,0.0
373,chr3,104810,A,G,0.0,0.0,0.0
374,chr4,659190,C,A,0.0,0.0,0.0
375,chr3,109722,G,A,0.0,0.0,0.0
376,chr3,117765,C,A,0.0,0.0,0.0
377,chr9,248414,T,C,0.0,0.0,0.0
378,chr3,140459,T,C,0.0003333333333333333,0.002449489742783177,0.0
379,chr4,630923,C,T,0.0,0.0,0.0
380,chr4,630638,A,G,0.0,0.0,0.0
381,chr3,205816,C,T,0.0,0.0,0.0
382,chr3,282671,A,G,0.0,0.0,0.0
383,chr4,529482,T,C,0.0,0.0,0.0
384,chr3,302963,A,G,0.0,0.0,0.0
385,chr3,341291,A,G,0.0,0.0,0.0
386,chr3,354592,T,C,0.0,0.0,0.0
387,chr4,788209,C,T,0.0,0.0,0.0
388,chr14,1172694,T,C,0.0,0.0,0.0
389,chr4,1095831,G,A,0.0,0.0,0.0
390,chr14,1171335,A,G,0.0,0.0,0.0
391,chr13,410962,A,G,0.0,0.0,0.0
392,chr13,483005,G,A,0.0,0.0,0.0
393,chr13,503298,A,T,0.0,0.0,0.0
394,chr13,530497,T,C,0.0,0.0,0.0
395,chr13,536714,G,A,0.0,0.0,0.0
396,chr13,595379,A,G,0.0,0.0,0.0
397,chr5,776283,A,G,0.0006382978723404255,0.004375949744936837,0.0
398,chr13,640404,T,C,0.0,0.0,0.0
399,chr5,771157,T,C,0.0,0.0,0.0
400,chr13,722833,T,C,0.0,0.0,0.0
401,chr9,681785,T,C,0.0,0.0,0.0
402,chr5,719091,T,G,0.0,0.0,0.0
403,chr5,697362,T,C,0.0,0.0,0.0
404,chr13,398354,A,T,0.0,0.0,0.0
405,chr13,769044,A,T,0.0,0.0,0.0
406,chr5,615420,G,A,0.0,0.0,0.0
407,chr13,931547,A,C,0.0,0.0,0.0
408,chr13,934925,A,C,0.0,0.0,0.0
409,chr13,935882,A,G,0.0,0.0,0.0
410,chr13,1079779,T,C,0.0,0.0,0.0
411,chr5,585378,A,G,0.0,0.0,0.0
412,chr13,1244791,C,T,0.0,0.0,0.0
413,chr5,571202,C,G,0.0,0.0,0.0
414,chr13,1350981,C,A,0.0,0.0,0.0
415,chr5,564993,T,C,0.0,0.0,0.0
416,chr5,512965,T,A,0.0,0.0,0.0
417,chr5,507871,A,T,0.0,0.0,0.0
418,chr13,1628232,T,C,0.0,0.0,0.0
419,chr5,673560,A,G,0.0,0.0,0.0
420,chr5,780325,A,C,0.0019,0.015896540504147436,0.0
421,chr5,788823,G,A,0.0,0.0,0.0
422,chr8,1315695,T,A,0.0,0.0,0.0
423,chr12,1435153,T,C,0.0,0.0,0.0
424,chr12,1503030,T,A,0.0,0.0,0.0
425,chr12,1515725,G,A,0.0,0.0,0.0
426,chr9,738710,A,C,0.0,0.0,0.0
427,chr12,1548884,G,A,0.0,0.0,0.0
428,chr5,1136741,T,G,0.0,0.0,0.0
429,chr5,1092309,C,T,0.0,0.0,0.0
430,chr5,1089097,A,G,0.0,0.0,0.0
431,chr5,1071405,A,G,0.0,0.0,0.0
432,chr5,1063005,T,G,0.0,0.0,0.0
433,chr12,1802019,T,A,0.0,0.0,0.0
434,chr5,1037569,A,G,0.0,0.0,0.0
435,chr5,967820,A,G,0.0,0.0,0.0
436,chr9,706643,C,T,0.0,0.0,0.0
437,chr12,1963992,T,C,0.0,0.0,0.0
438,chr5,961096,T,G,0.0,0.0,0.0
439,chr12,2006015,A,G,0.0,0.0,0.0
440,chr12,2023575,T,C,0.0,0.0,0.0
441,chr5,960409,T,C,0.0,0.0,0.0
442,chr12,2047161,T,G,0.0,0.0,0.0
443,chr12,2050146,C,T,0.0,0.0,0.0
444,chr9,1282630,A,G,0.0,0.0,0.0
445,chr12,2079644,G,A,0.0,0.0,0.0
446,chr12,2098567,C,T,0.0,0.0,0.0
447,chr5,921466,A,G,0.0,0.0,0.0
448,chr5,851719,A,G,0.0,0.0,0.0
449,chr13,236385,C,T,0.0,0.0,0.0
450,chr5,840339,C,T,0.0,0.0,0.0
451,chr8,1314033,A,T,0.0,0.0,0.0
452,chr13,1660920,A,T,0.0,0.0,0.0
453,chr5,503395,C,A,0.0,0.0,0.0
454,chr9,678111,A,C,0.0,0.0,0.0
455,chr5,501445,C,T,0.0,0.0,0.0
456,chr5,289916,A,T,0.0,0.0,0.0
457,chr14,261295,G,A,0.0,0.0,0.0
458,chr14,324097,A,G,0.0,0.0,0.0
459,chr5,277520,T,A,0.0,0.0,0.0
460,chr14,384345,C,T,0.0,0.0,0.0
461,chr14,390353,T,C,0.0,0.0,0.0
462,chr14,393389,A,G,0.0,0.0,0.0
463,chr14,397871,A,G,0.0,0.0,0.0
464,chr5,224735,G,A,0.0,0.0,0.0
465,chr14,422319,C,A,0.0,0.0,0.0
466,chr14,429723,T,A,0.0,0.0,0.0
467,chr5,158020,T,A,0.0,0.0,0.0
468,chr14,485973,A,G,0.0,0.0,0.0
469,chr14,489229,A,G,0.0,0.0,0.0
470,chr14,500484,G,A,0.0,0.0,0.0
471,chr14,510022,T,G,0.0,0.0,0.0
472,chr14,564690,G,A,0.0,0.0,0.0
473,chr14,689116,A,G,0.0,0.0,0.0
474,chr14,809810,G,A,0.0,0.0,0.0
475,chr9,602381,C,T,0.0,0.0,0.0
476,chr14,910628,G,A,0.0,0.0,0.0
477,chr14,914115,T,C,0.0,0.0,0.0
478,chr14,919511,T,G,0.0,0.0,0.0
479,chr4,1128499,G,A,0.0,0.0,0.0
480,chr14,1105725,A,G,0.0,0.0,0.0
481,chr4,1097601,T,C,0.0,0.0,0.0
482,chr9,150411,A,G,0.0,0.0,0.0
483,chr14,1137767,C,T,0.0,0.0,0.0
484,chr9,156385,G,T,0.0,0.0,0.0
485,chr14,202238,T,C,0.0,0.0,0.0
486,chr7,731035,C,A,0.0,0.0,0.0
487,chr14,202130,G,A,0.0,0.0,0.0
488,chr14,165436,A,G,0.0,0.0,0.0
489,chr13,1986165,A,G,0.0,0.0,0.0
490,chr13,2044533,G,C,0.0,0.0,0.0
491,chr13,2067739,T,C,0.0,0.0,0.0
492,chr13,2078454,G,A,0.0,0.0,0.0
493,chr13,2083881,T,G,0.0,0.0,0.0
494,chr5,477900,A,G,0.0,0.0,0.0
495,chr9,677379,T,C,0.0,0.0,0.0
496,chr13,2271599,A,G,0.0,0.0,0.0
497,chr5,477676,T,C,0.0,0.0,0.0
498,chr5,477271,A,G,0.0,0.0,0.0
499,chr5,476050,A,G,0.0,0.0,0.0
500,chr5,404998,T,C,0.0,0.0,0.0
501,chr5,398584,C,T,0.0,0.0,0.0
502,chr13,2415839,T,C,0.0,0.0,0.0
503,chr13,2475404,A,G,0.0,0.0,0.0
504,chr13,2506752,T,C,0.0,0.0,0.0
505,chr5,397372,T,C,0.0,0.0,0.0
506,chr13,2545561,T,C,0.0,0.0,0.0
507,chr13,2606427,A,G,0.0,0.0,0.0
508,chr13,2640170,T,A,0.0,0.0,0.0
509,chr13,2651476,T,G,0.0,0.0,0.0
510,chr5,391225,T,C,0.0,0.0,0.0
511,chr13,2655493,G,A,0.0,0.0,0.0
512,chr13,2698420,G,A,0.0,0.0,0.0
513,chr9,650981,A,G,0.0,0.0,0.0
514,chr14,113975,T,C,0.0,0.0,0.0
515,chr14,113980,G,A,0.0,0.0,0.0
516,chr5,370000,A,G,0.0,0.0,0.0
517,chr14,164833,C,T,0.0,0.0,0.0
518,chr5,324155,C,T,0.0,0.0,0.0
519,chr7,730791,G,C,0.0,0.0,0.0
520,chr4,143869,A,C,0.0,0.0,0.0
521,chr2,629375,C,G,0.0,0.0,0.0
522,chr14,1665794,T,C,0.0,0.0,0.0
523,chr12,2051511,A,G,0.0,0.0,0.0
524,chr14,1672361,A,T,0.0,0.0,0.0
525,chr12,2034711,T,C,0.0,0.0,0.0
526,chr12,1020211,C,T,0.0,0.0,0.0
527,chr14,1728301,T,A,0.0,0.0,0.0
528,chr14,1728847,A,G,0.0,0.0,0.0
529,chr14,1744760,A,T,0.0,0.0,0.0
530,chr14,1816447,A,G,0.0,0.0,0.0
531,chr14,1822892,T,C,0.0,0.0,0.0
532,chr14,1872907,A,T,0.0,0.0,0.0
533,chr8,495850,A,G,0.0,0.0,0.0
534,chr12,953017,T,C,0.0,0.0,0.0
535,chr14,1663902,A,G,0.0,0.0,0.0
536,chr14,1984194,C,T,0.0,0.0,0.0
537,chr14,2602038,T,C,0.0,0.0,0.0
538,chr12,949384,G,A,0.0,0.0,0.0
539,chr14,2762933,T,A,0.0,0.0,0.0
540,chr14,2846037,A,G,0.0,0.0,0.0
541,chr14,2959716,G,T,0.0,0.0,0.0
542,chr14,3088522,T,A,0.0,0.0,0.0
543,chr14,3126005,T,A,0.0,0.0,0.0
544,chr12,944301,G,C,0.0,0.0,0.0
545,chr8,411216,G,A,0.0,0.0,0.0
546,chr8,1029921,T,C,0.0,0.0,0.0
547,chr8,395711,A,G,0.0,0.0,0.0
548,chr12,684111,T,A,0.0,0.0,0.0
549,chr2,367271,A,T,0.0,0.0,0.0
550,chr14,2521956,T,A,0.0,0.0,0.0
551,chr2,375098,G,A,0.0,0.0,0.0
552,chr14,1660970,T,G,0.0,0.0,0.0
553,chr14,1629711,A,C,0.0,0.0,0.0
554,chr3,823303,C,G,0.0,0.0,0.0
555,chr13,2669640,T,A,0.0,0.0,0.0
556,chr13,2675894,C,A,0.0,0.0,0.0
557,chr8,475920,C,T,0.0,0.0,0.0
558,chr3,805764,C,T,0.0,0.0,0.0
559,chr8,968339,T,C,0.0,0.0,0.0
560,chr14,150273,A,G,0.0,0.0,0.0
561,chr14,1362042,C,T,0.0,0.0,0.0
562,chr8,422226,A,C,0.0,0.0,0.0
563,chr14,421429,G,T,0.0,0.0,0.0
564,chr14,421552,A,G,0.0,0.0,0.0
565,chr14,421848,A,G,0.0,0.0,0.0
566,chr14,422158,A,T,0.0,0.0,0.0
567,chr14,1657395,C,T,0.0,0.0,0.0
568,chr14,512987,G,A,0.0,0.0,0.0
569,chr8,987074,C,T,0.0,0.0,0.0
570,chr14,969251,A,G,0.0,0.0,0.0
571,chr14,1036865,A,G,0.0,0.0,0.0
572,chr14,1269832,G,T,0.0,0.0,0.0
573,chr14,1294114,G,T,0.0,0.0,0.0
574,chr14,1300698,G,A,0.0,0.0,0.0
575,chr14,1305484,T,C,0.0,0.0,0.0
576,chr14,1325549,C,T,0.0,0.0,0.0
577,chr8,490636,C,G,0.0,0.0,0.0
578,chr14,1362090,A,G,0.0,0.0,0.0
579,chr14,1481872,A,T,0.0,0.0,0.0
580,chr14,1482057,C,A,0.0,0.0,0.0
581,chr14,1623775,A,G,0.0,0.0,0.0
582,chr14,513814,A,G,0.0,0.0,0.0
583,chr2,375427,G,A,0.0,0.0,0.0
584,chr2,375838,G,A,0.003076923076923077,0.024806946917841695,0.0
585,chr8,379353,C,T,0.0,0.0,0.0
586,chr2,813896,A,C,0.0,0.0,0.0
587,chr2,814288,C,T,0.0,0.0,0.0
588,chr2,814329,A,G,0.0,0.0,0.0
589,chr2,814702,A,G,0.0,0.0,0.0
590,chr3,442821,T,C,0.0,0.0,0.0
591,chr3,474002,T,C,0.0,0.0,0.0
592,chr12,532113,A,T,0.0006617647058823529,0.005457051563317492,0.0
593,chr3,689280,T,G,0.0,0.0,0.0
594,chr3,775498,G,A,0.0,0.0,0.0
595,chr3,776823,G,T,0.0,0.0,0.0
596,chr3,783697,C,T,0.0,0.0,0.0
597,chr3,788401,G,C,0.0,0.0,0.0
598,chr3,804929,T,A,0.0,0.0,0.0
599,chr2,813895,T,A,0.0,0.0,0.0
600,chr7,1171742,A,G,0.0,0.0,0.0
601,chr3,826589,G,A,0.0,0.0,0.0
602,chr7,1170209,T,C,0.0,0.0,0.0
603,chr3,827900,A,T,0.0,0.0,0.0
604,chr3,827914,A,G,0.0,0.0,0.0
605,chr3,836094,G,T,0.0,0.0,0.0
606,chr3,844117,A,T,0.0,0.0,0.0
607,chr3,849667,A,G,0.0,0.0,0.0
608,chr3,849691,G,T,0.0,0.0,0.0
609,chr3,849850,C,T,0.0,0.0,0.0
610,chr10,808864,T,G,0.0,0.0,0.0
611,chr3,897800,C,G,0.0,0.0,0.0
612,chr4,110012,C,A,0.0,0.0,0.0
613,chr10,661961,A,T,0.0,0.0,0.0
614,chr3,807785,T,A,0.0,0.0,0.0
615,chr2,799420,T,C,0.0,0.0,0.0
616,chr7,1172507,T,C,0.0,0.0,0.0
617,chr2,658385,C,T,0.0,0.0,0.0
618,chr8,706777,A,T,0.0,0.0,0.0
619,chr8,305487,A,T,0.0,0.0,0.0
620,chr8,229424,C,T,0.0,0.0,0.0
621,chr2,519382,A,G,0.0,0.0,0.0
622,chr2,579278,A,T,0.0,0.0,0.0
623,chr8,225755,C,T,0.001829787234042553,0.004983970605573913,0.0
624,chr2,614962,A,G,0.0,0.0,0.0
625,chr2,615318,C,T,0.0,0.0,0.0
626,chr2,617482,C,T,0.0,0.0,0.0
627,chr8,500639,G,A,0.0,0.0,0.0
628,chr8,173187,G,A,0.0,0.0,0.0
629,chr10,122738,G,A,0.0,0.0,0.0
630,chr2,628750,G,T,0.0,0.0,0.0
631,chr2,629060,T,C,0.0,0.0,0.0
632,chr7,730051,G,A,0.0,0.0,0.0
633,chr2,629996,C,A,0.0,0.0,0.0
634,chr2,630135,C,T,0.0,0.0,0.0
635,chr2,630150,T,C,0.0,0.0,0.0
636,chr2,630420,T,C,0.0,0.0,0.0
637,chr2,630450,C,G,0.0,0.0,0.0
638,chr2,630545,C,T,0.0,0.0,0.0
639,chr2,630710,G,A,0.0,0.0,0.0
640,chr7,1311891,A,G,0.0,0.0,0.0
641,chr2,630990,G,T,0.0,0.0,0.0
642,chr2,631092,T,C,0.0,0.0,0.0
643,chr2,631190,T,A,0.0,0.0,0.0
644,chr10,1065121,G,A,0.0,0.0,0.0
645,chr2,641789,A,G,0.0,0.0,0.0
646,chr2,658046,C,G,0.0,0.0,0.0
647,chr13,2600907,A,T,0.0,0.0,0.0
648,chr7,1153877,C,T,0.0,0.0,0.0
649,chr13,2512452,C,A,0.0,0.0,0.0
650,chr8,477453,A,G,0.0,0.0,0.0
651,chr12,63322,G,T,0.0,0.0,0.0
652,chr12,91711,A,G,0.0,0.0,0.0
653,chr8,691096,C,T,0.0,0.0,0.0
654,chr12,532133,C,T,0.0006617647058823529,0.005457051563317492,0.0
655,chr12,670814,G,A,0.0,0.0,0.0
656,chr12,718550,A,C,0.0,0.0,0.0
657,chr12,722167,C,G,0.0,0.0,0.0
658,chr12,727996,T,A,0.0,0.0,0.0
659,chr12,739074,C,T,0.0,0.0,0.0
660,chr12,836041,G,C,0.0,0.0,0.0
661,chr12,847568,T,A,0.0,0.0,0.0
662,chr12,852225,A,C,0.0,0.0,0.0
663,chr12,865159,T,A,0.0,0.0,0.0
664,chr12,63268,C,T,0.0,0.0,0.0
665,chr12,866322,A,T,0.0,0.0,0.0
666,chr12,892338,C,A,0.0,0.0,0.0
667,chr12,892798,G,A,0.0,0.0,0.0
668,chr8,676681,A,G,0.0,0.0,0.0
669,chr12,909160,A,T,0.0,0.0,0.0
670,chr8,591344,C,T,0.0,0.0,0.0
671,chr12,920666,C,T,0.0,0.0,0.0
672,chr12,928407,T,C,0.0,0.0,0.0
673,chr12,931372,C,T,0.0,0.0,0.0
674,chr12,935411,T,G,0.0,0.0,0.0
675,chr12,938341,G,A,0.0,0.0,0.0
676,chr12,941821,A,G,0.0,0.0,0.0
677,chr12,944249,A,G,0.0,0.0,0.0
678,chr12,946348,A,G,0.0,0.0,0.0
679,chr12,892211,A,G,0.0,0.0,0.0
680,chr12,953362,C,A,0.0,0.0,0.0
681,chr12,63243,C,T,0.0,0.0,0.0
682,chr12,63028,C,A,0.0,0.0,0.0
683,chr10,1335457,T,G,0.0,0.0,0.0
684,chr7,732862,C,T,0.0,0.0,0.0
685,chr10,1432884,T,C,0.0,0.0,0.0
686,chr8,706168,A,G,0.0,0.0,0.0
687,chr11,324903,A,G,0.0,0.0,0.0
688,chr11,552427,G,A,0.0,0.0,0.0
689,chr10,883159,C,G,0.0,0.0,0.0
690,chr11,584694,G,T,0.0,0.0,0.0
691,chr11,604547,T,C,0.0,0.0,0.0
692,chr8,704408,G,T,0.0017169811320754717,0.012499811319330702,0.0
693,chr11,659208,A,G,0.0,0.0,0.0
694,chr11,987161,G,C,0.0,0.0,0.0
695,chr10,797801,G,A,0.0,0.0,0.0
696,chr12,63177,C,G,0.0,0.0,0.0
697,chr11,1005477,C,T,0.0,0.0,0.0
698,chr10,735409,G,C,0.0,0.0,0.0
699,chr11,1006911,A,T,0.0,0.0,0.0
700,chr11,1009859,A,G,0.0,0.0,0.0
701,chr11,1057437,T,C,0.0,0.0,0.0
702,chr11,1058035,T,A,0.0,0.0,0.0
703,chr11,1120257,T,C,0.0,0.0,0.0
704,chr11,1196007,T,C,0.0,0.0,0.0
705,chr11,1375053,C,T,0.0,0.0,0.0
706,chr10,670187,A,T,0.0,0.0,0.0
707,chr11,1383842,A,C,0.0,0.0,0.0
708,chr8,693543,A,G,0.0,0.0,0.0
709,chr11,1945955,G,A,0.0,0.0,0.0
710,chr11,1978660,C,T,0.0,0.0,0.0
711,chr11,1006055,G,T,0.0,0.0,0.0
712,chr12,959248,G,T,0.0,0.0,0.0
713,chr12,960073,T,C,0.0,0.0,0.0
714,chr12,979388,G,T,0.0,0.0,0.0
715,chr8,500772,A,T,0.0,0.0,0.0
716,chr8,499624,T,G,0.0,0.0,0.0
717,chr13,1362388,G,C,0.0,0.0,0.0
718,chr8,895843,A,G,0.0,0.0,0.0
719,chr13,1659533,A,G,0.0,0.0,0.0
720,chr13,1734408,T,C,0.0,0.0,0.0
721,chr13,1745728,A,G,0.0,0.0,0.0
722,chr13,1866470,G,T,0.0,0.0,0.0
723,chr13,1868682,G,A,0.0,0.0,0.0
724,chr13,1876423,A,T,0.0,0.0,0.0
725,chr5,897486,A,G,0.0,0.0,0.0
726,chr8,919126,C,T,0.0,0.0,0.0
727,chr13,1879380,T,A,0.0,0.0,0.0
728,chr5,910204,G,A,0.0,0.0,0.0
729,chr13,1879631,T,A,0.0,0.0,0.0
730,chr13,1882346,G,T,0.0,0.0,0.0
731,chr13,1910058,C,A,0.0,0.0,0.0
732,chr5,743364,G,A,0.0,0.0,0.0
733,chr13,2022295,A,T,0.0,0.0,0.0
734,chr10,565140,T,A,0.0,0.0,0.0
735,chr13,2043114,T,G,0.0,0.0,0.0
736,chr5,626470,C,T,0.0,0.0,0.0
737,chr8,925409,A,G,0.0,0.0,0.0
738,chr8,484954,A,G,0.0,0.0,0.0
739,chr13,2341610,A,G,0.0,0.0,0.0
740,chr8,478701,T,G,0.0,0.0,0.0
741,chr13,2417474,A,G,0.0,0.0,0.0
742,chr8,478683,A,T,0.0,0.0,0.0
743,chr13,1880114,T,A,0.0,0.0,0.0
744,chr13,1150583,G,A,0.0,0.0,0.0
745,chr13,1004961,T,C,0.0,0.0,0.0
746,chr5,1080174,G,A,0.0,0.0,0.0
747,chr7,384302,C,T,0.0,0.0,0.0
748,chr12,1008584,A,G,0.0,0.0,0.0
749,chr8,591335,T,C,0.0,0.0,0.0
750,chr12,1015328,C,T,0.0,0.0,0.0
751,chr12,1042965,T,G,0.0,0.0,0.0
752,chr12,1043449,C,T,0.0,0.0,0.0
753,chr12,1048769,G,A,0.0,0.0,0.0
754,chr12,1051589,G,A,0.0,0.0,0.0
755,chr12,1059078,G,T,0.0,0.0,0.0
756,chr12,1087957,C,T,0.0,0.0,0.0
757,chr12,1089105,G,T,0.0,0.0,0.0
758,chr12,1089166,C,T,0.0,0.0,0.0
759,chr12,1116285,T,A,0.0,0.0,0.0
760,chr12,1116289,A,G,0.0,0.0,0.0
761,chr12,1193349,C,T,0.0,0.0,0.0
762,chr12,1392124,T,A,0.0,0.0,0.0
763,chr6,1197298,T,G,0.0,0.0,0.0
764,chr5,1134206,A,G,0.0,0.0,0.0
765,chr12,1623758,T,C,0.0,0.0,0.0
766,chr12,1792353,A,C,0.0,0.0,0.0
767,chr12,1798551,T,A,0.0,0.0,0.0
768,chr12,1811233,G,A,0.0,0.0,0.0
769,chr5,1133651,A,G,0.0,0.0,0.0
770,chr12,1997660,G,T,0.0,0.0,0.0
771,chr12,2035576,C,T,0.0,0.0,0.0
772,chr10,658448,T,G,0.0,0.0,0.0
773,chr8,548801,G,A,0.0,0.0,0.0
774,chr13,480781,C,A,0.0,0.0,0.0
775,chr8,490546,A,G,0.0,0.0,0.0
776,chr13,2481275,C,G,0.0,0.0,0.0
777,chr7,1111528,G,A,0.0,0.0,0.0
778,chr2,641228,A,G,0.0,0.0,0.0
779,chr5,912158,C,A,0.0,0.0,0.0
780,chr5,949342,A,G,0.0,0.0,0.0
781,chr5,960046,C,T,0.0,0.0,0.0
782,chr7,1001981,A,G,0.0,0.0,0.0
783,chr5,971977,G,A,0.0,0.0,0.0
784,chr7,635254,C,T,0.0,0.0,0.0
785,chr5,973734,A,G,0.0,0.0,0.0
786,chr5,979239,A,T,0.0,0.0,0.0
787,chr5,979877,T,G,0.0,0.0,0.0
788,chr7,105245,C,G,0.0002916666666666667,0.0024748737341529167,0.0
789,chr1,489274,A,C,0.0,0.0,0.0
790,chr5,981740,A,T,0.0,0.0,0.0
791,chr5,984614,G,C,0.0,0.0,0.0
792,chr1,480434,G,A,0.0,0.0,0.0
793,chr5,1009091,A,C,0.0,0.0,0.0
794,chr5,1011550,C,A,0.0,0.0,0.0
795,chr5,1037173,A,T,0.0,0.0,0.0
796,chr7,990172,T,C,0.0007407407407407407,0.005443310539518173,0.0
797,chr6,1260016,A,T,0.0,0.0,0.0
798,chr7,932156,T,A,0.0,0.0,0.0
799,chr6,1252816,A,G,0.0,0.0,0.0
800,chr5,1042766,A,T,0.0,0.0,0.0
801,chr5,941359,T,G,0.0,0.0,0.0
802,chr6,1245389,C,G,0.0,0.0,0.0
803,chr5,935006,T,C,0.0,0.0,0.0
804,chr5,931503,T,A,0.0,0.0,0.0
805,chr5,836456,C,A,0.0,0.0,0.0
806,chr5,838933,T,C,0.0,0.0,0.0
807,chr5,842922,A,G,0.0,0.0,0.0
808,chr5,844730,G,A,0.0,0.0,0.0
809,chr7,1008272,T,C,0.0,0.0,0.0
810,chr5,878669,T,C,0.0,0.0,0.0
811,chr7,619957,G,C,0.0,0.0,0.0
812,chr5,889725,C,T,0.0,0.0,0.0
813,chr5,893494,A,G,0.0,0.0,0.0
814,chr5,908694,C,G,0.0,0.0,0.0
815,chr5,911244,A,G,0.0,0.0,0.0
816,chr5,911820,C,T,0.0,0.0,0.0
817,chr6,1051119,A,G,0.0,0.0,0.0
818,chr5,912856,G,A,0.0,0.0,0.0
819,chr5,913028,A,G,0.0,0.0,0.0
820,chr5,913473,A,T,0.0,0.0,0.0
821,chr5,914345,G,A,0.0,0.0,0.0
822,chr5,919062,C,T,0.0,0.0,0.0
823,chr5,920940,A,G,0.0,0.0,0.0
824,chr5,929348,A,T,0.0,0.0,0.0
825,chr5,929755,G,A,0.0,0.0,0.0
826,chr5,933062,T,C,0.0,0.0,0.0
827,chr7,635335,G,A,0.0,0.0,0.0
828,chr7,910699,A,G,0.0,0.0,0.0
829,chr5,1065356,T,C,0.0,0.0,0.0
830,chr9,1316466,C,T,0.0,0.0,0.0
831,chr6,1116592,G,T,0.0,0.0,0.0
832,chr6,842714,G,A,0.0,0.0,0.0
833,chr6,842727,C,A,0.0,0.0,0.0
834,chr6,1116117,C,G,0.0,0.0,0.0
835,chr6,851530,C,G,0.0,0.0,0.0
836,chr6,1115191,A,G,0.0,0.0,0.0
837,chr6,1100815,G,T,0.0,0.0,0.0
838,chr8,502993,G,A,0.0,0.0,0.0
839,chr6,951402,G,T,0.0,0.0,0.0
840,chr6,966409,A,T,0.0,0.0,0.0
841,chr6,981146,A,T,0.0,0.0,0.0
842,chr6,984431,C,T,0.0,0.0,0.0
843,chr6,985434,T,G,0.0,0.0,0.0
844,chr6,1007592,G,A,0.0,0.0,0.0
845,chr6,1017274,G,C,0.0,0.0,0.0
846,chr6,1095869,G,T,0.0,0.0,0.0
847,chr6,1029663,T,C,0.0,0.0,0.0
848,chr6,1091436,A,G,0.0,0.0,0.0
849,chr6,1035326,G,A,0.0,0.0,0.0
850,chr6,1048741,T,C,0.0,0.0,0.0
851,chr1,455877,A,C,0.0,0.0,0.0
852,chr6,1120459,A,G,0.0,0.0,0.0
853,chr6,1121650,C,T,0.0,0.0,0.0
854,chr7,732859,T,C,0.0,0.0,0.0
855,chr6,1231288,C,T,0.0,0.0,0.0
856,chr5,1066372,A,T,0.0,0.0,0.0
857,chr5,1069392,T,A,0.0,0.0,0.0
858,chr7,844728,G,A,0.0,0.0,0.0
859,chr5,1108238,A,G,0.0,0.0,0.0
860,chr5,1108422,A,C,0.0012222222222222222,0.009701088140570165,0.0
861,chr7,814407,G,A,0.0,0.0,0.0
862,chr7,796964,T,C,0.0,0.0,0.0
863,chr6,1215233,G,A,0.0,0.0,0.0
864,chr6,1207597,G,A,0.0,0.0,0.0
865,chr5,829676,T,A,0.0,0.0,0.0
866,chr6,1206498,G,A,0.00023076923076923076,0.0016641005886756876,0.0
867,chr6,1193139,A,C,0.0,0.0,0.0
868,chr6,1192690,G,T,0.0,0.0,0.0
869,chr6,1160911,C,A,0.0,0.0,0.0
870,chr6,378245,C,T,0.0,0.0,0.0
871,chr6,379446,T,G,0.0,0.0,0.0
872,chr6,380234,G,A,0.0,0.0,0.0
873,chr6,382976,G,C,0.0,0.0,0.0
874,chr6,390001,G,A,0.0,0.0,0.0
875,chr6,1129620,T,G,0.0,0.0,0.0
876,chr6,635935,T,G,0.0,0.0,0.0
877,chr7,678341,G,A,0.0,0.0,0.0
878,chr5,826882,A,G,0.0,0.0,0.0
879,chr6,1067690,C,G,0.0,0.0,0.0
880,chr5,402624,A,G,0.0,0.0,0.0
881,chr5,480337,A,C,0.0,0.0,0.0
882,chr5,402768,A,G,0.0,0.0,0.0
883,chr4,1083505,A,G,0.0,0.0,0.0
884,chr5,384494,T,G,0.0,0.0,0.0
885,chr5,370984,T,G,0.0,0.0,0.0
886,chr5,367065,A,G,0.0,0.0,0.0
887,chr5,360322,G,A,0.0,0.0,0.0
888,chr5,325030,A,G,0.0,0.0,0.0
889,chr5,325026,G,A,0.0,0.0,0.0
890,chr10,113768,C,T,0.0,0.0,0.0
891,chr5,318096,T,C,0.0,0.0,0.0
892,chr7,410132,C,G,0.0,0.0,0.0
893,chr5,303419,T,C,0.0,0.0,0.0
894,chr5,287018,T,G,0.0,0.0,0.0
895,chr5,286141,T,G,0.0,0.0,0.0
896,chr5,242645,G,A,0.0,0.0,0.0
897,chr7,1071621,C,A,0.0,0.0,0.0
898,chr4,1082657,T,G,0.0,0.0,0.0
899,chr7,417360,C,A,0.0,0.0,0.0
900,chr4,1113532,C,A,0.0,0.0,0.0
901,chr7,416615,T,A,0.0,0.0,0.0
902,chr8,1102025,G,A,0.0,0.0,0.0
903,chr7,1065887,G,A,0.0,0.0,0.0
904,chr7,506984,C,A,0.0,0.0,0.0
905,chr10,113582,A,T,0.0,0.0,0.0
906,chr4,1124303,C,T,0.0,0.0,0.0
907,chr4,1124379,A,G,0.0,0.0,0.0
908,chr4,1065188,C,G,0.0,0.0,0.0
909,chr7,1031428,A,G,0.0,0.0,0.0
910,chr4,1065176,C,T,0.0,0.0,0.0
911,chr4,884558,G,A,0.0,0.0,0.0
912,chr4,1123679,A,T,0.0,0.0,0.0
913,chr4,739967,C,T,0.0,0.0,0.0
914,chr4,1083502,G,C,0.0,0.0,0.0
915,chr4,415158,G,A,0.0,0.0,0.0
916,chr5,772671,T,A,0.0,0.0,0.0
917,chr5,776125,T,C,0.0,0.0,0.0
918,chr7,618007,T,C,0.0,0.0,0.0
919,chr5,632372,T,A,0.0,0.0,0.0
920,chr7,619738,T,C,0.0,0.0,0.0
921,chr5,783503,C,T,0.0,0.0,0.0
922,chr5,787141,A,T,0.0,0.0,0.0
923,chr5,613888,C,T,0.0,0.0,0.0
924,chr5,648378,G,A,0.00043283582089552236,0.002175788819667095,0.0
925,chr5,575556,C,T,0.0,0.0,0.0
926,chr9,1314980,C,T,0.0,0.0,0.0
927,chr4,413424,C,T,0.0,0.0,0.0
928,chr5,803584,A,G,0.0,0.0,0.0
929,chr5,697513,A,G,0.0,0.0,0.0
930,chr7,729531,C,G,0.0,0.0,0.0
931,chr4,249905,C,G,0.0,0.0,0.0
932,chr10,113505,C,A,0.0,0.0,0.0
933,chr4,485881,A,T,0.0,0.0,0.0
934,chr5,806896,C,T,0.0,,0.0
935,chr10,113618,A,G,0.0,0.0,0.0
936,chr4,242143,G,C,0.0,0.0,0.0
937,chr4,731095,A,C,0.0,0.0,0.0
938,chr5,482336,T,C,0.0,0.0,0.0
939,chr5,765857,T,C,0.0,0.0,0.0
940,chr8,1058469,T,C,0.0,0.0,0.0
941,chr7,432784,T,A,0.04334848484848485,0.04251967596093417,0.06
942,chr4,910225,G,T,0.053526315789473686,0.05923232263817436,0.06
943,chr12,946416,T,C,0.029295454545454545,0.027650290839510417,0.06
944,chr7,421420,G,A,0.03191666666666667,0.040831169431735856,0.06
945,chr14,2442547,G,A,0.057481481481481474,0.06748633425347202,0.06
946,chr7,421931,C,T,0.027560975609756094,0.04350290150121472,0.06
947,chr3,361199,C,T,0.04895,0.04741305132447642,0.06
948,chr12,989679,T,C,0.029138461538461537,0.02942037820705495,0.06
949,chr7,430364,T,G,0.04762264150943396,0.05587459392903359,0.06
950,chr14,2000415,C,T,0.05432258064516129,0.05790762016451962,0.06
951,chr14,2070946,C,T,0.043687500000000004,0.03556789840327085,0.06
952,chr6,1241113,G,A,0.04523684210526316,0.0668845048150375,0.06
953,chr7,726594,A,G,0.04505263157894737,0.03689629339331275,0.06
954,chr14,2124198,C,T,0.0366078431372549,0.05345767613032671,0.06
955,chr7,726661,T,A,0.04505263157894737,0.03689629339331275,0.06
956,chr7,732865,G,A,0.02790625,0.03827084710448984,0.06
957,chr11,354078,G,A,0.0304390243902439,0.043099332234089086,0.06
958,chr8,847329,C,T,0.04079487179487179,0.05165889106089121,0.06
959,chr8,885980,A,G,0.03737704918032787,0.04358828739253479,0.06
960,chr10,669908,C,T,0.03959677419354839,0.041938854662558346,0.06
961,chr4,538180,C,T,0.03635555555555555,0.043119366855043195,0.06
962,chr7,426753,A,T,0.04526666666666666,0.04607652686220627,0.06
963,chr7,375471,T,A,0.019,0.04654030511288039,0.06
964,chr7,456774,G,A,0.042617647058823524,0.05938932395941636,0.06
965,chr7,455494,A,G,0.051187500000000004,0.0572964134074874,0.06
966,chr7,421932,C,T,0.027560975609756094,0.04350290150121472,0.06
967,chr2,480862,A,C,0.02715217391304348,0.037824135381939725,0.06
968,chr2,839620,T,C,0.06962222222222221,0.079948360858997,0.06
969,chr7,420925,G,C,0.04693548387096774,0.04886645266093775,0.06
970,chr7,471237,T,C,0.05173170731707317,0.05907030742693148,0.06
971,chr4,781969,G,A,0.03171428571428571,0.047672640710043616,0.06
972,chr12,684117,T,G,0.024203703703703703,0.04248923487618225,0.06
973,chr4,787660,A,G,0.03111111111111111,0.03873612597043143,0.06
974,chr11,1275605,C,T,0.045034482758620695,0.05126606398383276,0.06
975,chr7,105510,C,T,0.04710769230769231,0.04953537974169418,0.06
976,chr11,1275658,T,A,0.04541379310344828,0.051332091970439954,0.06
977,chr7,370875,A,G,0.047098360655737706,0.05947400129973679,0.06
978,chr7,620774,T,G,0.03914893617021277,0.05297373373885371,0.06
979,chr8,543476,A,T,0.03035185185185185,0.05180192952165313,0.06
980,chr7,405838,G,T,0.03793333333333333,0.04335183754100647,0.06
981,chr7,619279,G,A,0.033999999999999996,0.06953543320198873,0.06
982,chr7,435368,T,C,0.04261224489795919,0.05768008622513298,0.06
983,chr7,377477,C,A,0.04548648648648649,0.06271169553406093,0.06
984,chr8,511014,G,A,0.05093181818181818,0.052414003866032774,0.06
985,chr1,140820,A,C,0.03523880597014926,0.02920932268790265,0.06
986,chr7,383166,C,T,0.02275,0.0445638459251035,0.06
987,chr7,385921,C,T,0.0498135593220339,0.05445291372346266,0.06
988,chr7,391494,T,C,0.06010204081632653,0.06268779948348509,0.06
989,chr7,410036,A,G,0.029289473684210525,0.05348852258535613,0.06
990,chr4,139405,A,G,0.04675,0.06949129063187855,0.06
991,chr8,550212,G,T,0.044190476190476204,0.044955482332025634,0.06
992,chr4,838218,C,A,0.053192982456140354,0.049918304185256834,0.06
993,chr7,420908,C,G,0.04937096774193548,0.06078967607316978,0.06
994,chr7,435497,A,T,0.025184210526315788,0.042063565323665376,0.06
995,chr7,414615,A,T,0.04668749999999999,0.03938248543109181,0.06
996,chr11,1006753,T,C,0.031217391304347825,0.02817898130189018,0.06
997,chr7,412466,A,G,0.0446829268292683,0.05850018761695994,0.06
998,chr11,1006784,T,C,0.031144927536231885,0.02814943075504205,0.06
999,chr7,674338,A,G,0.0275,0.03547609323881876,0.06
1000,chr7,411597,A,T,0.06242857142857144,0.04919972547700838,0.06
1001,chr4,683072,A,G,0.03845283018867925,0.048706564885955976,0.06
1002,chr6,1238829,A,T,0.0540909090909091,0.06267146458774471,0.06
1003,chr2,401697,G,A,0.0194375,0.05554333893456533,0.06
1004,chr4,684674,T,C,0.036887096774193544,0.03800047663148437,0.06
1005,chr8,562617,T,A,0.0677741935483871,0.06674014767610241,0.06
1006,chr4,692160,G,A,0.04112698412698412,0.03052048072989046,0.06
1007,chr9,283868,A,G,0.04187096774193548,0.04172685728305277,0.06
1008,chr14,3240001,G,T,0.07402439024390245,0.07072852600078629,0.06
1009,chr4,776030,A,G,0.059320000000000005,0.06289785694412223,0.06
1010,chr8,340944,T,C,0.01685714285714286,0.03753982012794008,0.06
1011,chr7,105280,C,T,0.0477638888888889,0.03636957909098051,0.06
1012,chr8,551179,C,G,0.04948333333333334,0.043249568104698315,0.06
1013,chr11,1181093,G,A,0.03807692307692307,0.06877169882084093,0.06
1014,chr5,385372,C,T,0.0417948717948718,0.06545998355250067,0.06
1015,chr6,1235507,C,T,0.05688888888888889,0.06781688697315853,0.06
1016,chr12,818766,G,A,0.05379365079365079,0.048876130043914445,0.06
1017,chr12,1075986,C,A,0.04213114754098361,0.03905443867638951,0.06
1018,chr6,895391,A,G,0.047214285714285716,0.05287127224279201,0.06
1019,chr6,1111541,C,T,0.0473968253968254,0.04386362284529384,0.06
1020,chr6,1114928,A,G,0.08005555555555555,0.049601969173732906,0.06
1021,chr10,1391660,G,A,0.04048387096774194,0.039263607617367746,0.06
1022,chr10,1391657,A,G,0.032161290322580645,0.029714595159969593,0.06
1023,chr10,1387021,C,T,0.043476190476190474,0.042198401262659516,0.06
1024,chr6,1115372,G,A,0.05067088607594937,0.027762140573176334,0.06
1025,chr12,1663324,A,T,0.044333333333333336,0.045188625833962964,0.06
1026,chr12,1663492,A,G,0.04231666666666667,0.04305514464295746,0.06
1027,chr2,375922,T,A,0.05090322580645162,0.047502790143219994,0.06
1028,chr6,1115453,A,C,0.05203571428571429,0.030095208932460798,0.06
1029,chr2,375135,T,A,0.03613333333333334,0.042554637528020876,0.06
1030,chr6,1116314,T,C,0.05375757575757576,0.07564061008439443,0.06
1031,chr2,278862,C,G,0.011921052631578949,0.02811691957575701,0.06
1032,chr10,414789,T,G,0.03296774193548387,0.06236798530815189,0.06
1033,chr5,930435,C,T,0.05423529411764706,0.06428301949477341,0.06
1034,chr14,2658199,A,T,0.05343478260869565,0.05298612690382998,0.06
1035,chr13,309120,T,A,0.06032692307692308,0.06021097585886081,0.06
1036,chr8,416476,T,C,0.06897727272727272,0.0408733088755427,0.06
1037,chr10,464500,A,G,0.05283333333333333,0.04828487732749327,0.06
1038,chr8,416482,G,A,0.06897727272727272,0.0408733088755427,0.06
1039,chr11,247498,G,C,0.05169090909090909,0.05341309061604888,0.06
1040,chr12,817280,A,G,0.03444642857142857,0.034327788712966614,0.06
1041,chr12,786224,C,T,0.05232786885245902,0.048950220057889904,0.06
1042,chr5,1188542,T,C,0.045788461538461535,0.05672788038762776,0.06
1043,chr11,1467529,T,C,0.0314390243902439,0.06215265432002393,0.06
1044,chr10,115507,G,T,0.04173846153846154,0.04006684918790289,0.06
1045,chr11,1679200,A,G,0.041875,0.04646189241527416,0.06
1046,chr11,1696137,G,A,0.030441860465116283,0.0515684022512039,0.06
1047,chr7,1093704,C,T,0.0003584905660377358,0.002609850715025091,0.06
1048,chr4,748262,T,C,0.0343030303030303,0.04472169834689089,0.06
1049,chr4,767099,T,G,0.0513,0.053648984699824785,0.06
1050,chr10,116392,G,A,0.05238636363636364,0.04816793100359428,0.06
1051,chr7,1093689,T,A,0.05687037037037036,0.04601068222821219,0.06
1052,chr11,812065,T,C,0.03525,0.03992868642968361,0.06
1053,chr6,780026,T,C,0.028736842105263158,0.03731646817415176,0.06
1054,chr5,622364,C,T,0.0354,0.033789698874065154,0.06
1055,chr11,694933,A,G,0.04941818181818182,0.04863876327508022,0.06
1056,chr12,532131,G,T,0.04632352941176471,0.03647180107870319,0.06
1057,chr7,1044052,T,C,0.034536585365853655,0.043605101514029077,0.06
1058,chr4,1113552,A,T,0.05364444444444444,0.04685041745984358,0.06
1059,chr4,1121457,C,G,0.05013999999999999,0.06577699182131412,0.06
1060,chr4,1121472,T,A,0.05013999999999999,0.06577699182131412,0.06
1061,chr4,1122147,A,C,0.029604166666666668,0.040987667882421856,0.06
1062,chr6,834400,G,A,0.034236363636363634,0.03362536720788815,0.06
1063,chr3,888429,G,A,0.05067924528301887,0.05134902200585626,0.06
1064,chr11,391633,T,C,0.06063636363636363,0.05550239504955427,0.06
1065,chr12,762514,C,T,0.02891176470588235,0.05153661108027893,0.06
1066,chr12,762526,C,T,0.02891176470588235,0.05153661108027893,0.06
1067,chr3,469760,C,T,0.04016666666666667,0.06334218092280981,0.06
1068,chr10,663199,G,T,0.04431578947368421,0.04700724801108976,0.06
1069,chr5,614723,C,T,0.034625,0.05149592341346185,0.06
1070,chr5,198958,A,G,0.008411764705882353,0.034682594380195615,0.06
1071,chr13,1429067,T,G,0.051757575757575766,0.08055938426986264,0.06
1072,chr3,750795,T,C,0.05096296296296297,0.0527203240187322,0.06
1073,chr14,494376,T,A,0.051068965517241376,0.054790145761763415,0.06
1074,chr8,1113495,G,A,0.04432075471698114,0.048273967178094616,0.06
1075,chr7,725998,G,A,0.06137499999999999,0.0607939054196242,0.06
1076,chr8,501390,A,C,0.05088888888888889,0.06603477261995042,0.06
1077,chr6,697009,A,T,0.023749999999999997,0.031738670739950396,0.06
1078,chr9,159227,C,T,0.04832692307692307,0.04878111220538096,0.06
1079,chr5,132201,T,C,0.05412068965517241,0.050364314011329694,0.06
1080,chr9,516978,G,A,0.049046875,0.0452276182260002,0.06
1081,chr7,438905,G,A,0.035555555555555556,0.05424992136633903,0.06
1082,chr7,736978,A,C,0.0339,0.05228903890629077,0.06
1083,chr8,417760,A,G,0.044833333333333336,0.04774637485774954,0.06
1084,chr14,1102389,G,A,0.041114754098360656,0.044564970683507225,0.06
1085,chr14,1102755,T,C,0.04456060606060606,0.03755657426332001,0.06
1086,chr8,509321,G,A,0.043786885245901644,0.046685513368388123,0.06
1087,chr7,450032,A,G,0.0397843137254902,0.05260354122128669,0.06
1088,chr9,512326,A,C,0.03951666666666666,0.048328498686703844,0.06
1089,chr6,851736,C,T,0.037761194029850745,0.034811217955170545,0.06
1090,chr3,679453,G,A,0.04448484848484848,0.0673424648773534,0.06
1091,chr9,597966,C,T,0.026437500000000003,0.030111894501611662,0.06
1092,chr12,1615391,C,G,0.04201960784313726,0.046113551238688356,0.06
1093,chr10,662320,T,C,0.038173913043478266,0.047008890103811964,0.06
1094,chr8,1344737,G,C,0.04147692307692307,0.03830107198740807,0.06
1095,chr14,1102380,C,T,0.041114754098360656,0.044564970683507225,0.06
1096,chr8,416491,G,A,0.06897727272727272,0.0408733088755427,0.06
1097,chr3,489823,G,C,0.04495161290322581,0.05047850619342683,0.06
1098,chr7,743191,T,C,0.037064516129032256,0.06158513645562592,0.06
1099,chr5,958145,A,T,0.10386842105263158,0.09975623561154205,0.06
1100,chr14,564266,G,T,0.04827027027027027,0.058554176551221276,0.06
1101,chr13,1682933,A,G,0.0552,0.045309797812148514,0.06
1102,chr8,1116300,A,G,0.07121666666666666,0.06742229467475161,0.06
1103,chr13,1970443,A,G,0.04571666666666666,0.0508857449542406,0.06
1104,chr1,536003,T,C,0.03611363636363637,0.049024064289822,0.06
1105,chr10,561234,A,G,0.0616875,0.05445128849851889,0.06
1106,chr8,1114155,C,T,0.03955555555555556,0.04639139592814185,0.06
1107,chr5,1038270,G,T,0.03058620689655172,0.040068377732719374,0.06
1108,chr1,308232,C,T,0.040846153846153845,0.03714634519758924,0.06
1109,chr6,389754,A,G,0.04826153846153845,0.04919802997932085,0.06
1110,chr13,2478581,C,T,0.06668965517241379,0.06439875963079003,0.06
1111,chr7,276094,T,C,0.04994285714285715,0.07321963046693343,0.06
1112,chr13,2479113,C,G,0.046135593220338986,0.05611547749710617,0.06
1113,chr7,298916,G,A,0.02535,0.057279807225491544,0.06
1114,chr4,738775,G,A,0.037981481481481484,0.05283026960411092,0.06
1115,chr8,1215502,T,C,0.03164516129032258,0.03664141559572726,0.06
1116,chr9,1418612,G,C,0.04406779661016949,0.05459722880638934,0.06
1117,chr7,378669,G,A,0.016964285714285713,0.03208724465954143,0.06
1118,chr7,744613,C,T,0.056,0.0611127213097433,0.06
1119,chr9,1374376,C,T,0.0333695652173913,0.05326051641409095,0.06
1120,chr6,237194,T,G,0.0554909090909091,0.05854212561378748,0.06
1121,chr13,1879381,T,A,0.045711538461538456,0.04969962186247499,0.06
1122,chr8,958663,A,G,0.03982812499999999,0.0415690493407684,0.06
1123,chr4,358245,C,T,0.1574102564102564,0.07348960468869692,0.13
1124,chr8,711421,C,T,0.14313559322033897,0.07246674805280638,0.13
1125,chr7,501191,G,A,0.13382978723404254,0.08655290393966299,0.13
1126,chr8,704027,G,T,0.1520163934426229,0.053673858256224595,0.13
1127,chr8,157014,A,G,0.17552380952380955,0.08805104896682353,0.13
1128,chr7,1234511,C,T,0.1483921568627451,0.07736331906824384,0.13
1129,chr6,242392,T,C,0.1445833333333333,0.09118436627230718,0.13
1130,chr6,590606,A,C,0.16140677966101694,0.08203008671004505,0.13
1131,chr6,836560,C,T,0.12996491228070176,0.06977821111827939,0.13
1132,chr6,1130064,G,A,0.18965625,0.08055328882963031,0.13
1133,chr5,1178426,C,A,0.13417741935483873,0.07010238979896602,0.13
1134,chr7,1011137,T,C,0.17098360655737704,0.0800894274760572,0.13
1135,chr7,194825,G,A,0.17266666666666663,0.09093388493059905,0.13
1136,chr7,204987,T,A,0.17957575757575758,0.11667932290658613,0.13
1137,chr7,692714,T,C,0.16561818181818183,0.09256178935438127,0.13
1138,chr7,464800,C,T,0.12325000000000001,0.09536737237800837,0.13
1139,chr7,691736,C,G,0.14558064516129032,0.09102921662614642,0.13
1140,chr7,483145,A,G,0.10532727272727273,0.07296017547530438,0.13
1141,chr6,1282748,C,T,0.13193333333333332,0.06531406956862984,0.13
1142,chr8,339637,A,T,0.17020000000000002,0.10607127692958959,0.13
1143,chr5,940677,T,C,0.13328571428571429,0.0707289426849669,0.13
1144,chr8,413067,A,G,0.17281578947368423,0.08101246325975986,0.13
1145,chr4,673790,A,T,0.15814754098360653,0.07011391589538979,0.13
1146,chr8,703997,T,C,0.15260655737704917,0.05391421540698538,0.13
1147,chr4,933875,T,C,0.18000000000000002,0.07274069907778988,0.13
1148,chr4,992024,G,T,0.18037735849056605,0.0924113351387102,0.13
1149,chr4,1032592,A,G,0.18152380952380953,0.08620153751021163,0.13
1150,chr4,1038820,C,T,0.14081632653061224,0.1062200297867175,0.13
1151,chr4,1049838,A,G,0.12280701754385964,0.07314795148886634,0.13
1152,chr8,572299,A,G,0.21002380952380953,0.10064995803986333,0.13
1153,chr4,1102926,C,T,0.1812051282051282,0.10985712718828068,0.13
1154,chr8,501054,T,C,0.15431343283582089,0.08271367351606344,0.13
1155,chr8,501042,T,C,0.1544328358208955,0.08268381247176847,0.13
1156,chr8,495550,T,C,0.14492857142857143,0.06804502376220595,0.13
1157,chr5,352439,A,G,0.14910714285714285,0.06274006363094944,0.13
1158,chr8,422166,G,A,0.11865151515151515,0.08471644875687773,0.13
1159,chr5,598347,C,T,0.1582222222222222,0.07756498594098472,0.13
1160,chr4,625475,C,G,0.123125,0.10505485441376536,0.13
1161,chr9,831911,C,T,0.14747457627118646,0.08388628508432348,0.13
1162,chr8,724801,C,T,0.19279999999999997,0.10795527396320473,0.13
1163,chr3,943993,G,A,0.16791176470588234,0.09103025392760791,0.13
1164,chr14,901969,G,A,0.14215686274509803,0.07971458399791587,0.13
1165,chr10,112973,A,G,0.130875,0.06531124337078799,0.13
1166,chr14,923791,T,C,0.15545901639344264,0.07403615643060081,0.13
1167,chr1,506069,A,G,0.15710000000000002,0.08398037914675459,0.13
1168,chr14,1171479,G,A,0.12709589041095892,0.06962761353234825,0.13
1169,chr14,1179640,T,C,0.15671875,0.07731495445604093,0.13
1170,chr14,1334365,T,A,0.18140816326530615,0.10705351433732938,0.13
1171,chr14,1351948,G,A,0.17012121212121212,0.10918784203602912,0.13
1172,chr1,308385,G,C,0.1355686274509804,0.07659171101417198,0.13
1173,chr10,223211,G,A,0.1326043956043956,0.06800618911718079,0.13
1174,chr14,1656678,G,T,0.12545945945945947,0.07448362780377182,0.13
1175,chr14,1775107,T,A,0.19755,0.11390885920387495,0.13
1176,chr14,1817108,G,A,0.16022727272727272,0.1335728557462473,0.13
1177,chr9,1179069,G,A,0.10603703703703704,0.08925857349296258,0.13
1178,chr14,2128849,A,C,0.1468448275862069,0.07617933636207554,0.13
1179,chr9,1178903,T,C,0.08831081081081081,0.057504002404043714,0.13
1180,chr8,933060,T,C,0.1413015873015873,0.07403173576693743,0.13
1181,chr8,585841,C,G,0.13952631578947366,0.08311418678608834,0.13
1182,chr9,596332,G,A,0.1118970588235294,0.05130189828203018,0.13
1183,chr8,585466,G,T,0.15762903225806452,0.08384514099159582,0.13
1184,chr13,613236,T,A,0.14426562499999998,0.07811291017566245,0.13
1185,chr10,334542,T,C,0.17570000000000002,0.1405216222358306,0.13
1186,chr10,574773,T,C,0.19538461538461538,0.11024843127768433,0.13
1187,chr10,1083764,T,C,0.1727741935483871,0.1223807473086676,0.13
1188,chr13,290146,T,C,0.160125,0.08129521119743993,0.13
1189,chr13,756912,A,G,0.16222448979591836,0.09915985942450925,0.13
1190,chr13,256854,T,C,0.16285454545454545,0.09352647044233345,0.13
1191,chr13,815912,T,C,0.18771111111111113,0.0898707714196087,0.13
1192,chr12,1681129,G,A,0.13957575757575755,0.059145989032630256,0.13
1193,chr13,815915,C,A,0.18771111111111113,0.0898707714196087,0.13
1194,chr12,812812,C,T,0.14284615384615384,0.09739029954438035,0.13
1195,chr12,802744,G,C,0.2327391304347826,0.0936818338331299,0.13
1196,chr12,174880,T,C,0.13515625,0.0951315250400813,0.13
1197,chr13,1861105,T,A,0.13980000000000004,0.08999299407759945,0.13
1198,chr9,817567,T,C,0.181,0.07859701982533261,0.13
1199,chr13,2302172,A,G,0.150725,0.10733651552059328,0.13
1200,chr11,1953780,T,A,0.0008823529411764705,0.006301260378126045,0.13
1201,chr11,1942297,G,A,0.1995535714285714,0.09240187318897365,0.13
1202,chr13,2323925,T,C,0.1544705882352941,0.09246825345281044,0.13
1203,chr11,1360267,C,T,0.18694642857142857,0.07070847181924517,0.13
1204,chr11,865260,G,A,0.1684857142857143,0.0720173065101354,0.13
1205,chr11,767389,A,G,0.15102127659574469,0.072531699025683,0.13
1206,chr10,1551542,T,A,0.202078431372549,0.08662444069366448,0.13
1207,chr10,1399269,C,T,0.14516666666666664,0.09377961302548139,0.13
1208,chr10,1235482,A,G,0.1842692307692308,0.0688442730853597,0.13
1209,chr9,596041,A,G,0.1335373134328358,0.06485118824597914,0.13
1210,chr8,542477,A,T,0.16433333333333333,0.08141609573764447,0.13
1211,chr13,365240,T,A,0.19331578947368422,0.079758115833135,0.13
1212,chr4,1089818,G,T,0.21313793103448275,0.10976914871607694,0.13
1213,chr2,376045,A,G,0.12705128205128205,0.08848846154872655,0.13
1214,chr14,2913485,T,G,0.1597441860465116,0.09123154556330462,0.13
1215,chr2,519370,G,A,0.16469999999999999,0.08301486491352118,0.13
1216,chr3,509618,G,A,0.14353488372093023,0.09465686120509406,0.13
1217,chr2,841296,C,T,0.17859090909090905,0.0986945766003235,0.13
1218,chr14,1956202,T,C,0.1694166666666667,0.07983888260203323,0.13
1219,chr4,741600,T,C,0.047724137931034485,0.1718227692694099,0.13
1220,chr4,1071662,C,T,0.14758333333333332,0.10849801307203606,0.13
1221,chr3,241146,T,G,0.16611764705882356,0.08337329238043165,0.13
1222,chr5,843390,T,A,0.12972727272727272,0.11328925167664647,0.13
1223,chr5,961625,G,T,0.12414634146341463,0.09456361905500703,0.13
1224,chr9,1406587,G,A,0.12332786885245901,0.06986408741537038,0.13
1225,chr14,1636229,C,T,0.17725,0.11624112869376312,0.13
1226,chr9,1341618,G,T,0.102,0.06417857032443842,0.13
1227,chr5,1114182,A,G,0.16346938775510203,0.07647033794245985,0.13
1228,chr2,376222,A,G,0.16072131147540983,0.0857290559743391,0.13
1229,chr6,1240578,T,G,0.171875,0.08938685370559038,0.13
1230,chr14,3043530,A,C,0.12841176470588236,0.09614103202699505,0.13
1231,chr3,916719,C,T,0.16363333333333333,0.06494325206440285,0.13
1232,chr13,2417849,C,T,0.1759848484848485,0.07297533670288728,0.13
1233,chr13,1876606,T,C,0.17693650793650795,0.0690878059862658,0.13
1234,chr2,320647,G,A,0.16227083333333334,0.11082643888864059,0.13
1235,chr2,322398,A,G,0.14273913043478262,0.09685921852131776,0.13
1236,chr6,1117447,T,G,0.14972972972972973,0.09534168047625359,0.13
1237,chr11,1141641,A,G,0.10690909090909093,0.08412672819803702,0.14
1238,chr6,532523,A,G,0.10235294117647058,0.07644025733326956,0.14
1239,chr8,1363213,T,C,0.10376190476190476,0.05270940244387887,0.14
1240,chr8,406969,C,T,0.11372916666666666,0.07003425896715132,0.14
1241,chr11,1640669,A,C,0.10925581395348838,0.0723095505195926,0.14
1242,chr13,1406752,G,T,0.10077049180327868,0.07041742053465248,0.14
1243,chr8,406993,C,T,0.11389583333333335,0.0701373241404935,0.14
1244,chr12,943339,C,T,0.27401785714285715,0.09402368967860823,0.14
1245,chr6,231858,T,C,0.11958928571428572,0.06077941541066628,0.14
1246,chr6,158543,T,A,0.1333529411764706,0.08151849849664769,0.14
1247,chr11,1106452,T,C,0.10988461538461537,0.0949426466549472,0.14
1248,chr3,812699,C,T,0.15006666666666665,0.0803660832978239,0.14
1249,chr14,371725,G,A,0.10979310344827586,0.04260951158977225,0.14
1250,chr5,1161287,A,G,0.1391967213114754,0.07564981156004975,0.14
1251,chr8,422094,T,C,0.14325581395348838,0.06469013799249752,0.14
1252,chr12,760468,T,A,0.19041176470588236,0.09034559789399552,0.14
1253,chr12,760531,G,T,0.19041176470588236,0.09034559789399552,0.14
1254,chr5,1196989,A,G,0.12287096774193548,0.07287795409100578,0.14
1255,chr5,1196977,G,A,0.12287096774193548,0.07287795409100578,0.14
1256,chr12,1681360,A,G,0.1309076923076923,0.052447510390426035,0.14
1257,chr13,2341466,T,G,0.13443589743589743,0.07814891145546055,0.14
1258,chr12,763141,A,C,0.14135714285714285,0.10988437857608453,0.14
1259,chr13,2479509,G,A,0.14522950819672129,0.07873000136386445,0.14
1260,chr12,1673470,G,A,0.16682456140350874,0.07116583319638956,0.14
1261,chr12,2046741,A,G,0.11724590163934426,0.06771943486122355,0.14
1262,chr7,472864,A,G,0.14,0.19798989873223333,0.14
1263,chr10,1268080,C,T,0.12565517241379312,0.07792248773995725,0.14
1264,chr11,703912,C,T,0.09338461538461537,0.0664282816215374,0.14
1265,chr7,472858,C,T,0.14,0.19798989873223333,0.14
1266,chr8,549685,G,C,0.15948076923076926,0.07106624647209092,0.14
1267,chr7,730062,A,G,0.09794915254237288,0.06144732078803806,0.14
1268,chr8,1100058,A,G,0.08648437499999999,0.05310904989317316,0.14
1269,chr7,631383,G,A,0.180719298245614,0.10532852591262881,0.14
1270,chr9,1208483,A,C,0.151,0.07693861852417265,0.14
1271,chr7,451331,C,T,0.06894444444444445,0.07185737637628123,0.14
1272,chr9,515904,A,C,0.10929999999999998,0.0795021159509479,0.14
1273,chr9,778075,A,T,0.13872340425531915,0.12212764208839927,0.14
1274,chr7,426245,G,T,0.13737313432835818,0.06514688202052983,0.14
1275,chr8,1100055,G,A,0.08648437499999999,0.05310904989317316,0.14
1276,chr6,636044,A,C,0.099,0.060739272791656466,0.14
1277,chr1,205066,G,A,0.02375,0.04750000000000001,0.14
1278,chr1,349253,A,G,0.11415384615384615,0.056418423068519574,0.14
1279,chr7,162203,C,T,0.09776785714285714,0.06374751077391282,0.14
1280,chr9,1080655,A,G,0.13280327868852457,0.08860489446077102,0.14
1281,chr8,1115375,G,A,0.14585106382978724,0.08113675485237314,0.14
1282,chr11,683965,T,C,0.1575,0.07603778456038199,0.14
1283,chr11,494717,A,G,0.17112500000000003,0.08566166374125962,0.14
1284,chr11,418011,C,T,0.19192105263157896,0.09084122816209142,0.14
1285,chr8,262214,C,T,0.12557894736842107,0.07641216885334548,0.14
1286,chr8,262211,A,T,0.12557894736842107,0.07641216885334548,0.14
1287,chr10,1172279,T,C,0.09080357142857141,0.07128927488960533,0.14
1288,chr11,706213,A,T,0.08963461538461538,0.06454699727107308,0.14
1289,chr8,149943,A,T,0.12602380952380954,0.07465481151737335,0.14
1290,chr9,917264,A,G,0.10456140350877192,0.06941825036479436,0.14
1291,chr7,1257296,G,A,0.1647678571428572,0.0839272392820501,0.14
1292,chr3,805130,G,A,0.12842,0.07604566029024662,0.14
1293,chr11,241970,A,G,0.1295625,0.06854658495148126,0.14
1294,chr1,537427,A,G,0.09481159420289854,0.05457732651458814,0.14
1295,chr10,115205,G,A,0.16338888888888892,0.0945479267753468,0.14
1296,chr2,630737,C,T,0.09595555555555557,0.082909577129533,0.14
1297,chr9,1085080,A,C,0.14498360655737705,0.07047233305898107,0.14
1298,chr12,2062740,A,T,0.12244999999999999,0.06019781656043737,0.14
1299,chr14,2534828,C,T,0.1643,0.10061533756762014,0.14
1300,chr9,225542,C,T,0.13489583333333335,0.09371192607481976,0.14
1301,chr13,1478081,A,G,0.1238225806451613,0.06142475716867828,0.14
1302,chr13,1599633,A,G,0.11064705882352943,0.08883733979119632,0.14
1303,chr5,84637,A,G,0.1342391304347826,0.07229021288685664,0.14
1304,chr9,157331,A,T,0.15188888888888888,0.07727414772619648,0.14
1305,chr4,515065,G,A,0.12634375,0.09804331148742046,0.14
1306,chr4,791143,A,G,0.07894444444444443,0.07663566661043275,0.14
1307,chr3,831268,T,C,0.1603658536585366,0.08479409062474844,0.14
1308,chr9,123040,A,G,0.14216393442622952,0.0775652801038946,0.14
1309,chr2,501972,A,G,0.15438095238095234,0.052580024592758755,0.14
1310,chr5,472369,G,A,0.15201639344262294,0.07785852379011535,0.14
1311,chr3,363473,C,T,0.09336842105263159,0.06822432316026808,0.14
1312,chr3,285065,T,C,0.13262264150943395,0.0916354034738284,0.14
1313,chr3,185604,C,T,0.11476271186440677,0.059958703887170034,0.14
1314,chr14,407424,C,T,0.12840000000000001,0.07315283658204924,0.14
1315,chr2,558953,A,G,0.10052,0.0754280952365921,0.14
1316,chr2,694307,A,G,0.15067741935483872,0.08123520874463822,0.14
1317,chr4,635087,C,T,0.13823529411764707,0.11919864167208696,0.14
1318,chr5,364200,T,G,0.127671875,0.07191751330683017,0.14
1319,chr4,835428,T,C,0.12756666666666666,0.07128989912683369,0.14
1320,chr5,610142,C,T,0.15996,0.09637193257248244,0.14
1321,chr3,106144,A,G,0.153875,0.1002593647366235,0.14
1322,chr8,1363222,A,T,0.10376190476190476,0.05270940244387887,0.14
1323,chr4,989663,G,A,0.1585,0.08884876231047095,0.14
1324,chr14,2196699,T,G,0.12728846153846154,0.07840826700572862,0.14
1325,chr4,899970,T,C,0.17083870967741938,0.06948692377244048,0.14
1326,chr4,925627,G,A,0.17302272727272727,0.08494799739932925,0.14
1327,chr5,635277,T,C,0.0945483870967742,0.05564721353675381,0.14
1328,chr4,887172,C,G,0.12888461538461538,0.0760749511340313,0.14
1329,chr14,2342241,G,A,0.1346938775510204,0.07938702771906773,0.14
1330,chr4,802705,G,A,0.1206829268292683,0.07821299093641358,0.19
1331,chr4,141896,G,A,0.25232727272727273,0.09442889830458065,0.19
1332,chr8,991389,G,T,0.18233333333333335,0.08470930684798847,0.19
1333,chr4,138491,A,G,0.2145892857142857,0.09741154995653784,0.19
1334,chr4,1125973,A,G,0.3056875,0.14182461624906145,0.19
1335,chr7,450529,G,T,0.24507142857142858,0.11648734780139085,0.19
1336,chr14,406995,T,G,0.17538775510204085,0.08822386684039704,0.19
1337,chr9,512739,G,C,0.16785106382978723,0.07994807519324361,0.19
1338,chr8,585854,A,C,0.20561403508771928,0.09579922352540324,0.19
1339,chr7,461191,C,T,0.18347457627118643,0.08194012867525506,0.19
1340,chr6,938238,A,G,0.1922285714285714,0.09612555689865017,0.19
1341,chr10,1074462,G,A,0.22176666666666664,0.11286081856789845,0.19
1342,chr5,1042561,T,G,0.18570175438596492,0.07947101109215879,0.19
1343,chr4,143683,C,T,0.2510178571428571,0.09102417083019584,0.19
1344,chr14,1454960,C,T,0.2564444444444444,0.09869271286334692,0.19
1345,chr9,1202447,T,C,0.19099999999999998,0.0894172623630954,0.19
1346,chr7,614420,C,T,0.2129090909090909,0.0797101918534555,0.19
1347,chr7,403625,A,C,0.1698888888888889,0.08182063607339653,0.19
1348,chr7,227275,C,T,0.26033802816901414,0.06353872692235407,0.19
1349,chr1,487057,C,T,0.18029411764705883,0.08577225991199008,0.19
1350,chr9,1315442,C,T,0.17039655172413792,0.06950247746566808,0.19
1351,chr1,155939,G,A,0.21344262295081964,0.09321007180739,0.19
1352,chr7,375818,T,C,0.2034523809523809,0.07726710162930145,0.19
1353,chr1,100608,A,G,0.2007142857142857,0.09912402044192632,0.19
1354,chr14,1106139,C,T,0.22437931034482758,0.07440496766715997,0.19
1355,chr5,1108445,G,T,0.2696666666666667,0.08817248491890309,0.19
1356,chr7,1269371,C,T,0.265625,0.09118571766665533,0.19
1357,chr7,415137,C,T,0.22928846153846155,0.10122724126467794,0.19
1358,chr7,699262,G,C,0.16148076923076926,0.09904672899640289,0.19
1359,chr7,704373,A,G,0.21065625000000002,0.0827643851688693,0.19
1360,chr8,1099695,G,A,0.2169649122807017,0.07492924398397481,0.19
1361,chr9,1179228,G,A,0.15098333333333333,0.07371739248509988,0.19
1362,chr8,1103899,T,C,0.17872,0.11332016590174937,0.19
1363,chr9,1202426,A,C,0.19099999999999998,0.0894172623630954,0.19
1364,chr14,2755887,T,A,0.1859090909090909,0.14701255357652593,0.19
1365,chr7,392078,T,G,0.21289473684210525,0.07585505073364932,0.19
1366,chr9,599322,G,A,0.21296000000000004,0.09820926428721852,0.19
1367,chr7,450527,T,C,0.24507142857142858,0.11648734780139085,0.19
1368,chr11,433376,A,G,0.269,0.11775737768819412,0.19
1369,chr12,698136,G,T,0.21983783783783784,0.08595364174093223,0.19
1370,chr6,114520,G,A,0.20771698113207548,0.07265153324616672,0.19
1371,chr8,468669,T,C,0.1981111111111111,0.07249652074212432,0.19
1372,chr2,623146,T,C,0.21261818181818185,0.08182376973061858,0.19
1373,chr4,802695,C,T,0.1206829268292683,0.07821299093641358,0.19
1374,chr4,208960,G,T,0.22092857142857147,0.09041405914232772,0.19
1375,chr3,924907,G,T,0.24163636363636362,0.06288026139200817,0.19
1376,chr12,1387200,C,T,0.1758840579710145,0.07159352916699124,0.19
1377,chr13,1013674,G,T,0.2781944444444444,0.09522449248094719,0.19
1378,chr14,564339,C,T,0.20375675675675678,0.08793349930657997,0.19
1379,chr13,531261,G,C,0.24602325581395346,0.09757060651555853,0.19
1380,chr5,1007374,G,A,0.215531914893617,0.08507307627635805,0.19
1381,chr13,192183,C,A,0.24854901960784315,0.11003550585615358,0.19
1382,chr12,2116182,G,C,0.2368833333333333,0.10013653250059609,0.19
1383,chr13,155246,G,A,0.21321153846153845,0.07152740775627078,0.19
1384,chr11,1375988,T,C,0.1823846153846154,0.08226855647582121,0.19
1385,chr5,831871,C,T,0.2109433962264151,0.07691114130914065,0.19
1386,chr11,637436,T,A,0.22846511627906976,0.08495975205024163,0.19
1387,chr5,734301,C,T,0.18942105263157893,0.10391384986351249,0.19
1388,chr10,108733,C,T,0.2139344262295082,0.074449729986629,0.19
1389,chr12,1678939,A,G,0.1884925373134328,0.0729303056960482,0.19
1390,chr8,712741,T,C,0.15429545454545457,0.07474315074646982,0.19
1391,chr10,1513542,A,G,0.1936153846153846,0.12315879888822295,0.19
1392,chr2,379046,C,T,0.17730508474576268,0.08178867939481518,0.19
1393,chr2,608790,A,G,0.20297560975609755,0.09263381882576094,0.19
1394,chr8,1363303,T,C,0.2039855072463768,0.0628297168247879,0.19
1395,chr11,1752894,A,G,0.2076052631578947,0.09920019057133074,0.19
1396,chr14,137691,G,A,0.2037368421052632,0.09927562199657586,0.19
1397,chr14,137622,T,C,0.2037368421052632,0.09927562199657586,0.19
1398,chr3,142944,G,T,0.18915,0.07802342651246331,0.19
1399,chr5,369740,T,C,0.23951923076923076,0.09949529309679071,0.19
1400,chr5,351005,G,A,0.22484905660377358,0.09416421748659158,0.19
1401,chr11,1188635,G,A,0.22216326530612243,0.11265181366693118,0.19
1402,chr2,623111,T,C,0.0011272727272727272,0.004803758349052778,0.19
1403,chr2,297021,A,G,0.219578125,0.07662209981823492,0.19
1404,chr6,531935,G,A,0.19966666666666666,0.08766257006542867,0.19
1405,chr8,1111913,C,T,0.2179375,0.1118810930826192,0.2
1406,chr5,1043303,G,A,0.20929729729729732,0.11138393681936988,0.2
1407,chr8,739292,T,G,0.22928260869565215,0.08849197403493174,0.2
1408,chr7,816733,A,G,0.23535714285714285,0.09877788279706208,0.2
1409,chr8,505739,A,G,0.17296000000000003,0.0981552206810151,0.2
1410,chr13,169780,G,A,0.07042857142857142,0.034111860805576814,0.2
1411,chr4,839310,A,G,0.22756060606060605,0.06986363173802976,0.2
1412,chr7,473203,G,A,0.19855813953488372,0.08736221868519087,0.2
1413,chr14,2752373,C,T,0.2178392857142857,0.07518239077813955,0.2
1414,chr4,865237,C,A,0.20294117647058824,0.0965307022174201,0.2
1415,chr7,1168247,T,A,0.14896491228070172,0.06432283667793064,0.2
1416,chr12,1014046,T,A,0.31262711864406784,0.08775905460801511,0.2
1417,chr12,907264,A,G,0.1815967741935484,0.06681549336312659,0.2
1418,chr11,987253,A,T,0.12786486486486487,0.0914992902711279,0.2
1419,chr2,805983,A,G,0.17832758620689654,0.09934723579817434,0.2
1420,chr8,619138,A,G,0.16073333333333334,0.08446177887302327,0.2
1421,chr7,1256654,A,G,0.22880597014925375,0.07501014856710858,0.2
1422,chr11,241962,A,T,0.19818749999999996,0.08576009493335887,0.2
1423,chr4,668673,A,G,0.16036538461538458,0.10301342551873553,0.2
1424,chr12,2151902,T,C,0.41671794871794876,0.14811925293633624,0.2
1425,chr7,408743,G,A,0.16786956521739127,0.06843371912327635,0.2
1426,chr4,884153,T,G,0.18566666666666665,0.09452886684323825,0.2
1427,chr13,1257063,A,G,0.14834920634920634,0.07650577855682383,0.2
1428,chr7,905648,G,A,0.16591111111111112,0.09193372667857047,0.2
1429,chr9,1347188,T,C,0.1392758620689655,0.07149378407613141,0.2
1430,chr14,1792962,G,A,0.243125,0.07827941406696058,0.2
1431,chr14,1665655,G,T,0.16781818181818184,0.11069791510724539,0.2
1432,chr7,774722,T,C,0.15173333333333333,0.14030949370227414,0.2
1433,chr13,1595988,T,C,0.1634375,0.09831612524846048,0.2
1434,chr2,503169,T,C,0.19183999999999998,0.13703061701678207,0.2
1435,chr6,312414,G,C,0.18390322580645163,0.1112361916040847,0.2
1436,chr14,421549,G,A,0.18889473684210525,0.09555695463412052,0.2
1437,chr6,664888,G,T,0.21355263157894738,0.09352545465574225,0.2
1438,chr2,549049,C,T,0.18051282051282053,0.08899759659524573,0.2
1439,chr4,797704,C,T,0.23167441860465116,0.11097333891101364,0.2
1440,chr6,1206227,A,T,0.19966153846153845,0.08630800167913838,0.2
1441,chr8,422505,C,T,0.15568253968253967,0.07444652235141797,0.2
1442,chr5,860853,G,A,0.135,0.07052456512247549,0.2
1443,chr6,1224777,T,A,0.24874418604651163,0.10169213413024904,0.2
1444,chr7,105304,T,C,0.20498611111111112,0.07067013096079311,0.2
1445,chr3,183105,T,A,0.15274193548387097,0.08292657931476631,0.2
1446,chr13,1482708,C,T,0.1803157894736842,0.09665682259097626,0.2
1447,chr8,492502,T,A,0.1980697674418605,0.09400845842107258,0.2
1448,chr7,403337,G,T,0.17330303030303032,0.10847392683511695,0.2
1449,chr2,671972,A,C,0.16235849056603774,0.08026760394973578,0.2
1450,chr7,408697,A,C,0.16562000000000004,0.09932997780023874,0.2
1451,chr7,612906,A,G,0.2055,0.07793730221737905,0.2
1452,chr13,2481108,C,G,0.19616949152542373,0.08025974052871711,0.2
1453,chr13,714722,T,C,0.18929824561403508,0.08251795581921219,0.2
1454,chr7,449987,C,T,0.21045098039215687,0.09613164176804435,0.2
1455,chr12,1156135,T,C,0.16964285714285715,0.08377706967062887,0.2
1456,chr5,132132,C,T,0.19137931034482758,0.08105311829584932,0.2
1457,chr10,222495,G,T,0.17443103448275862,0.07392483429286034,0.2
1458,chr12,1078321,G,A,0.25609375,0.07092847252187033,0.2
1459,chr5,144161,T,G,0.17286666666666667,0.08830335111524261,0.2
1460,chr13,1230403,A,G,0.18952459016393444,0.07486957694492849,0.2
1461,chr10,225629,G,A,0.18318181818181817,0.06912595173158344,0.2
1462,chr13,1419503,C,T,0.18916393442622953,0.07437947304820706,0.2
1463,chr8,1117245,A,T,0.182484375,0.06130382110556288,0.2
1464,chr12,726602,A,G,0.20736000000000002,0.09644090079908409,0.2
1465,chr6,116629,G,A,0.18119148936170212,0.07968406045886367,0.2
1466,chr13,1716321,G,A,0.2142058823529412,0.0845848254217156,0.2
1467,chr1,532656,G,A,0.22334375,0.10536009202698848,0.2
1468,chr6,182965,T,C,0.18411627906976744,0.06588597990263019,0.2
1469,chr10,992490,G,A,0.16147540983606556,0.0839157527042007,0.2
1470,chr5,474904,G,A,0.21117500000000003,0.10655367914089846,0.2
1471,chr10,1172282,G,A,0.13158928571428571,0.09075997852191627,0.2
1472,chr5,426361,G,A,0.22090476190476188,0.10164784007250396,0.2
1473,chr6,1040344,G,A,0.16037777777777779,0.08553874424888856,0.2
1474,chr13,2529293,T,C,0.21913793103448279,0.09784492712484043,0.2
1475,chr10,1519673,G,A,0.2504230769230769,0.07738846067828101,0.2
1476,chr6,937752,G,A,0.17004999999999998,0.08364927284476315,0.2
1477,chr11,1020630,G,A,0.21362745098039215,0.08591343568600053,0.2
1478,chr11,1018965,A,G,0.3073125,0.13585676458635015,0.2
1479,chr8,1201455,C,T,0.1921142857142857,0.11013408176575748,0.2
1480,chr6,909069,C,T,0.12917241379310346,0.08973452814518951,0.2
1481,chr10,821899,G,A,0.19743859649122808,0.09508192286201328,0.2
1482,chr14,1166314,C,A,0.1523061224489796,0.08258031547167498,0.2
1483,chr14,201791,C,A,0.15404687500000003,0.07055908920503753,0.2
1484,chr1,498090,A,C,0.14752380952380953,0.10470034338416424,0.2
1485,chr7,419410,G,A,0.20508695652173917,0.10051662683621751,0.2
1486,chr5,680745,A,G,0.19011864406779663,0.08262797487904752,0.2
1487,chr9,1179855,A,C,0.14214000000000002,0.06334003151117573,0.2
1488,chr12,1887454,C,T,0.20752941176470585,0.10415525570297729,0.2
1489,chr1,155978,C,T,0.18796721311475412,0.08450620632299041,0.2
1490,chr9,597897,A,G,0.13253125000000002,0.05821715471555273,0.2
1491,chr8,1297594,A,G,0.19881967213114754,0.07841906830117305,0.2
1492,chr4,1036984,G,A,0.160025641025641,0.1166915608682468,0.2
1493,chr7,419413,A,G,0.20508695652173917,0.10051662683621751,0.2
1494,chr1,497883,A,G,0.18150793650793648,0.08212576371047128,0.2
1495,chr8,1313202,T,C,0.20768571428571425,0.07622211020454377,0.2
1496,chr13,815954,G,A,0.21228333333333332,0.09385312934050548,0.2
1497,chr12,1665622,G,A,0.23686956521739133,0.12336689711728922,0.2
1498,chr13,194874,C,T,0.21183999999999997,0.13759229629597727,0.2
1499,chr8,1111945,C,G,0.22108333333333333,0.107615318322201,0.2
1500,chr13,758787,A,G,0.3198363636363636,0.09393708762238923,0.27
1501,chr3,749616,A,G,0.3231,0.10158986169889198,0.27
1502,chr8,413022,T,C,0.3375526315789474,0.11603137911286572,0.27
1503,chr3,363731,A,G,0.2755846153846153,0.10723075181409195,0.27
1504,chr11,1887740,T,A,0.3938529411764706,0.11654057229603493,0.27
1505,chr2,292382,A,T,0.31492307692307686,0.11169777905649624,0.27
1506,chr12,379979,T,C,0.27409999999999995,0.09212771165201755,0.27
1507,chr5,826855,A,G,0.2871186440677966,0.092616577935457,0.27
1508,chr11,1263156,T,C,0.29817021276595745,0.12436662476042988,0.27
1509,chr11,1749819,A,G,0.26122222222222224,0.08166768065087364,0.27
1510,chr14,107014,G,A,0.26583333333333337,0.07059038577669458,0.27
1511,chr10,377200,A,T,0.33222916666666663,0.10805342248133132,0.27
1512,chr13,2400533,T,C,0.34390740740740744,0.08957536481550542,0.27
1513,chr13,156689,C,T,0.31833333333333336,0.10995427621126365,0.27
1514,chr13,2309427,A,T,0.2759375,0.1180442611084722,0.27
1515,chr13,1311128,C,A,0.2826140350877193,0.08540068467147022,0.27
1516,chr13,817001,T,G,0.29452500000000004,0.09896670963200008,0.27
1517,chr13,1225494,C,T,0.36427118644067796,0.08929162421786627,0.27
1518,chr5,1188491,A,G,0.36242307692307685,0.10352802900831692,0.27
1519,chr3,892045,C,T,0.2794047619047619,0.09742440709967094,0.27
1520,chr8,1176413,T,C,0.3598888888888889,0.09320416231593884,0.27
1521,chr13,2415386,C,A,0.29165,0.06383315779356608,0.27
1522,chr7,426524,G,A,0.2962105263157895,0.10801230107492057,0.27
1523,chr4,418411,A,G,0.21614705882352941,0.11445526646419715,0.27
1524,chr5,999556,T,A,0.3525789473684211,0.10208189068593429,0.27
1525,chr4,508879,T,G,0.2665294117647059,0.09901623158678106,0.27
1526,chr4,514993,A,T,0.282125,0.08513963862100972,0.27
1527,chr12,1964949,G,A,0.22177611940298508,0.05500793906765073,0.27
1528,chr13,2103416,C,T,0.332625,0.09341187743619034,0.27
1529,chr13,2302511,T,C,0.29786956521739133,0.07709521060081839,0.27
1530,chr12,1212825,T,C,0.3101578947368421,0.1041332918965064,0.27
1531,chr12,1868677,G,A,0.2651833333333334,0.11435619222659074,0.27
1532,chr8,483714,A,G,0.3394464285714286,0.08281829390415385,0.27
1533,chr10,1434096,A,G,0.477983870967742,0.09426931978975144,0.27
1534,chr2,845795,C,T,0.3691627906976745,0.09602825234882406,0.27
1535,chr6,685240,G,A,0.2618064516129032,0.10745976581572171,0.27
1536,chr4,794321,T,A,0.28589473684210526,0.1321244761313454,0.27
1537,chr6,1283063,A,G,0.3170322580645161,0.0972793792685949,0.27
1538,chr7,700615,T,C,0.26903571428571427,0.1352551723233224,0.27
1539,chr6,1289212,A,G,0.24423076923076922,0.08098934521566116,0.27
1540,chr6,687394,T,C,0.2995535714285714,0.1211785939156608,0.27
1541,chr14,1111557,C,T,0.34094,0.11307075805233913,0.27
1542,chr2,222175,T,C,0.32303030303030306,0.08378338321547002,0.27
1543,chr7,619924,T,C,0.34260526315789475,0.1094834405530548,0.27
1544,chr7,619918,G,A,0.34178947368421053,0.1094351981261271,0.27
1545,chr14,1199242,A,T,0.2629047619047619,0.08187277980948686,0.27
1546,chr7,228601,G,A,0.3068059701492537,0.0740370993828729,0.27
1547,chr11,306911,T,C,0.3296603773584905,0.08950783021102474,0.27
1548,chr7,614645,C,A,0.3247857142857143,0.11015544132885766,0.27
1549,chr14,1671537,G,A,0.30804545454545457,0.0874655856398885,0.27
1550,chr14,1853594,A,G,0.2953181818181818,0.1167822009230486,0.27
1551,chr9,1129679,C,T,0.24092307692307693,0.08083805332505611,0.27
1552,chr7,492639,T,C,0.2829722222222222,0.11371329514205229,0.27
1553,chr7,489153,T,C,0.26630909090909094,0.07834606816749899,0.27
1554,chr7,489150,C,T,0.26630909090909094,0.07834606816749899,0.27
1555,chr7,475324,G,A,0.21364406779661016,0.07647599639460115,0.27
1556,chr14,2160961,T,C,0.34047727272727274,0.07636950829382215,0.27
1557,chr7,430993,G,A,0.28273076923076923,0.09293348145780007,0.27
1558,chr7,431194,G,A,0.3005777777777778,0.11138191645474284,0.27
1559,chr7,433054,T,A,0.2606744186046512,0.08601653244476086,0.27
1560,chr4,889062,A,T,0.28150877192982454,0.08265982847252812,0.27
1561,chr9,302767,T,C,0.3048870967741935,0.10190514793198459,0.27
1562,chr6,1282493,A,G,0.34159016393442626,0.08644928707035517,0.27
1563,chr6,1282691,G,A,0.23157142857142857,0.08710530025970482,0.27
1564,chr10,317581,A,T,0.27845454545454545,0.14670953722130103,0.27
1565,chr2,798866,A,G,0.3426037735849056,0.11909907634186848,0.27
1566,chr2,798907,C,T,0.3426037735849056,0.11909907634186848,0.27
1567,chr2,839178,C,T,0.29992452830188676,0.1027416193581302,0.27
1568,chr13,341070,C,T,0.2773333333333333,0.08291702679988792,0.27
1569,chr10,1434084,C,T,0.477983870967742,0.09426931978975144,0.27
1570,chr9,283356,T,G,0.23893999999999999,0.10504389947220415,0.27
1571,chr2,797146,A,T,0.3774186046511628,0.09899596734406708,0.27
1572,chr10,1434066,A,C,0.477983870967742,0.09426931978975144,0.27
1573,chr10,1414588,C,A,0.35772000000000004,0.08671747228788441,0.27
1574,chr7,1048937,T,G,0.30511111111111117,0.09273087874605672,0.27
1575,chr14,259286,C,T,0.31427083333333333,0.10895963327947264,0.27
1576,chr10,1434072,G,A,0.477983870967742,0.09426931978975144,0.27
1577,chr9,631776,C,T,0.2327846153846154,0.07674093845279313,0.27
1578,chr6,1267752,G,A,0.3003571428571429,0.09712245763469685,0.27
1579,chr5,146696,A,G,0.32549999999999996,0.10261202304178237,0.27
1580,chr7,880789,A,G,0.3042142857142857,0.11333988076325371,0.27
1581,chr10,1384706,T,G,0.30253061224489797,0.07743117966965254,0.27
1582,chr7,884384,T,C,0.26209375,0.08802375558688147,0.27
1583,chr7,884366,C,T,0.260890625,0.09106741218189927,0.27
1584,chr6,1266600,A,G,0.24741538461538462,0.06999685089070355,0.27
1585,chr5,198142,A,T,0.44515217391304346,0.11421129879721559,0.27
1586,chr9,602885,G,A,0.29517391304347823,0.09254123509677573,0.33
1587,chr9,653234,A,G,0.3420655737704918,0.07609530621802701,0.33
1588,chr9,1111456,A,T,0.3773749999999999,0.103102519588294,0.33
1589,chr9,678471,A,G,0.34998461538461534,0.09820490254878005,0.33
1590,chr9,1015339,T,C,0.19988235294117648,0.0824736678119322,0.33
1591,chr9,95530,T,A,0.4140555555555555,0.09873624416570485,0.33
1592,chr9,685667,C,A,0.3124444444444444,0.18017568586737162,0.33
1593,chr8,1062754,C,T,0.3982727272727273,0.1298904966713929,0.33
1594,chr9,157982,T,C,0.40055,0.10982442459347619,0.33
1595,chr1,139191,C,T,0.2862295081967213,0.08938985651676275,0.33
1596,chr8,486841,T,C,0.39238181818181816,0.11874911163942034,0.33
1597,chr6,1117000,T,C,0.35749122807017547,0.08561481906251843,0.33
1598,chr5,1109432,A,G,0.3736060606060606,0.08569173351889431,0.33
1599,chr5,1105159,T,G,0.41072093023255807,0.10938449563273742,0.33
1600,chr5,1042252,G,A,0.30574074074074076,0.12919842647344643,0.33
1601,chr5,814159,C,A,0.4921153846153846,0.0877010639697022,0.33
1602,chr4,771505,A,G,0.39239655172413795,0.10841860713856133,0.33
1603,chr4,306875,C,T,0.4440625000000001,0.10176368249266574,0.33
1604,chr4,124690,T,C,0.44250000000000006,0.12141313329360302,0.33
1605,chr3,853052,T,C,0.4177307692307692,0.1281463406242434,0.33
1606,chr3,827158,A,T,0.3870263157894737,0.1277801081761915,0.33
1607,chr3,622763,G,C,0.35473529411764704,0.08861879847893597,0.33
1608,chr2,366771,G,A,0.35944999999999994,0.11679259504099675,0.33
1609,chr2,290569,T,A,0.3537818181818182,0.1029202659575904,0.33
1610,chr2,278864,C,A,0.2994054054054054,0.13551659583884088,0.33
1611,chr14,2625887,C,G,0.42313043478260876,0.10055968016736291,0.33
1612,chr7,383137,A,C,0.28516071428571427,0.10594591704101833,0.33
1613,chr14,1956408,A,T,0.36534920634920637,0.08645251516521782,0.33
1614,chr7,406231,C,T,0.31074358974358973,0.08007881576386511,0.33
1615,chr8,340367,T,G,0.32974000000000003,0.08295580579010559,0.33
1616,chr10,1392773,A,G,0.389725,0.10813334301590269,0.33
1617,chr10,1385894,C,T,0.33053125,0.11290389415124763,0.33
1618,chr10,558456,C,A,0.42202702702702705,0.12598445373371503,0.33
1619,chr10,425295,C,A,0.3221428571428571,0.11250768345308171,0.33
1620,chr10,382041,C,A,0.34812,0.08683355882822902,0.33
1621,chr10,377197,T,G,0.38452083333333337,0.10163974544738848,0.33
1622,chr10,341106,A,G,0.3945,0.08772517823607841,0.33
1623,chr1,534237,C,T,0.417,,0.33
1624,chr9,1418176,A,G,0.3213076923076923,0.09432578888868143,0.33
1625,chr9,1379201,C,A,0.17551162790697675,0.11663830378221207,0.33
1626,chr9,1178963,G,A,0.2144,0.09357399375730581,0.33
1627,chr9,963651,C,T,0.3038139534883721,0.0859745964179878,0.33
1628,chr9,747864,T,C,0.31097368421052635,0.07595357288968303,0.33
1629,chr8,845787,T,A,0.19646969696969696,0.05533568043439539,0.33
1630,chr8,806841,T,A,0.34123333333333333,0.12714685599143122,0.33
1631,chr8,97831,C,T,0.4830980392156862,0.10725991887037035,0.33
1632,chr10,1554604,A,G,0.39297499999999996,0.17744215200366656,0.33
1633,chr14,1694073,C,G,0.33541666666666664,0.18361471696384873,0.33
1634,chr14,1671322,C,A,0.3374047619047619,0.11796135363915145,0.33
1635,chr12,1014802,A,T,0.463,0.0951357783724431,0.33
1636,chr12,1005696,G,C,0.5270307692307692,0.0739771859322963,0.33
1637,chr12,980434,A,T,0.3814313725490196,0.09731048348496904,0.33
1638,chr12,913124,A,T,0.36075,0.09676425224648054,0.33
1639,chr11,1563321,G,C,0.3813170731707317,0.09096027677629126,0.33
1640,chr11,987190,C,A,0.2580810810810811,0.09792780174370481,0.33
1641,chr10,1339970,A,G,0.36033898305084744,0.09158143355157626,0.33
1642,chr10,669306,C,T,0.3778166666666667,0.09645188344044422,0.33
1643,chr10,653138,C,T,0.35528260869565226,0.10003614081220365,0.33
1644,chr10,565388,C,A,0.3940888888888888,0.08656522034707342,0.33
1645,chr10,557657,T,A,0.3001951219512195,0.09428844561031727,0.33
1646,chr10,454626,C,A,0.36479999999999996,0.10157112836651495,0.33
1647,chr10,325616,A,G,0.4077931034482759,0.11549254128988616,0.33
1648,chr1,472583,A,G,0.5181794871794871,0.11932879649696591,0.33
1649,chr1,472576,A,T,0.519051282051282,0.11956388926734583,0.33
1650,chr12,1197074,T,A,0.2705490196078431,0.0945579851150584,0.33
1651,chr14,1672649,G,A,0.36363636363636365,0.1310505338571439,0.33
1652,chr12,1449503,C,T,0.2917142857142857,0.11811276391652174,0.33
1653,chr12,1996827,T,A,0.3968888888888889,0.12510508001576767,0.33
1654,chr14,1473534,A,T,0.370921052631579,0.11220959673246321,0.33
1655,chr14,832594,T,C,0.46863636363636363,0.11690455994683713,0.33
1656,chr14,161286,G,T,0.3011388888888889,0.07860903356949607,0.33
1657,chr14,150276,G,A,0.32203174603174606,0.097085092084041,0.33
1658,chr14,120299,T,C,0.36267187500000003,0.08187796856365644,0.33
1659,chr14,47596,C,G,0.38703636363636357,0.09878745677545109,0.33
1660,chr13,2761811,A,C,0.4375,0.18223519601511304,0.33
1661,chr13,2669191,T,A,0.2545581395348837,0.09258388791370863,0.33
1662,chr13,2352397,A,T,0.32146296296296295,0.08351606171653517,0.33
1663,chr13,2124825,T,A,0.3807058823529412,0.08895580972755214,0.33
1664,chr13,2124676,T,C,0.3798571428571429,0.10874220137300425,0.33
1665,chr13,2021487,T,A,0.28441176470588236,0.10614220206319222,0.33
1666,chr13,1876601,G,C,0.39390476190476187,0.09283678259593542,0.33
1667,chr13,1175513,G,A,0.36066037735849055,0.11050895254305215,0.33
1668,chr13,852849,C,A,0.4272068965517241,0.10030248263018511,0.33
1669,chr12,1559859,T,A,0.3491153846153846,0.09461979789582176,0.33
1670,chr11,1100269,G,A,0.3189838709677419,0.08489347074383222,0.33
1671,chr12,82667,A,T,0.42924074074074076,0.06488798335860509,0.33
1672,chr12,83558,T,C,0.44630000000000003,0.12061993376325753,0.33
1673,chr6,1268187,A,T,0.31283333333333335,0.09829822493636915,0.33
1674,chr6,1267260,T,C,0.2880634920634921,0.07055971459049899,0.33
1675,chr6,1266060,G,A,0.2642857142857143,0.0919055049969233,0.33
1676,chr6,887805,G,T,0.43006896551724144,0.11198070981575753,0.33
1677,chr6,847198,A,T,0.2861016949152542,0.10590312666988186,0.33
1678,chr6,824200,C,T,0.3101111111111111,0.08400866144114318,0.33
1679,chr6,639086,C,T,0.4193703703703704,0.16837393095957767,0.33
1680,chr6,532304,T,G,0.29712500000000003,0.07689238347433143,0.33
1681,chr5,855823,T,C,0.37942105263157894,0.1149969756544616,0.33
1682,chr5,801588,A,T,0.3572950819672131,0.10527794075086752,0.33
1683,chr5,797395,G,A,0.26046153846153847,0.10986488342209913,0.33
1684,chr5,797338,C,T,0.2978857142857143,0.08550235912621984,0.33
1685,chr5,797269,G,A,0.30797260273972604,0.11832687454236673,0.33
1686,chr5,679399,T,C,0.38075,0.14109955114504558,0.33
1687,chr5,350933,G,A,0.3634528301886793,0.08565080403721036,0.33
1688,chr7,157547,C,T,0.4170666666666667,0.09987205451339866,0.33
1689,chr5,345188,G,A,0.30205660377358484,0.09576421667792276,0.33
1690,chr7,157565,A,G,0.4170666666666667,0.09987205451339866,0.33
1691,chr7,430421,A,T,0.3969,0.10686096348639844,0.33
1692,chr8,486832,A,G,0.3922909090909091,0.11876613695071205,0.33
1693,chr8,486805,G,A,0.3922909090909091,0.11876613695071205,0.33
1694,chr8,476310,A,T,0.38655555555555554,0.15228846895867648,0.33
1695,chr8,424167,T,C,0.3103142857142857,0.09246804580934065,0.33
1696,chr8,416821,C,T,0.38531034482758614,0.1014711447872764,0.33
1697,chr8,396812,A,G,0.3115846153846154,0.08776351254715928,0.33
1698,chr7,1105526,G,A,0.43912244897959185,0.10562169771032315,0.33
1699,chr7,894384,C,G,0.30243181818181825,0.11849588310526407,0.33
1700,chr7,706335,T,C,0.21385714285714288,0.0905445777365563,0.33
1701,chr7,705531,A,G,0.303225,0.11345720700119857,0.33
1702,chr7,614531,T,C,0.3595555555555556,0.10656593254787376,0.33
1703,chr7,505865,G,A,0.4063529411764706,0.12225306152278316,0.33
1704,chr7,495462,T,A,0.36493749999999997,0.10166264743247012,0.33
1705,chr7,489666,C,T,0.33677999999999997,0.11608060007721235,0.33
1706,chr7,433609,A,T,0.3105,0.08940566029633278,0.33
1707,chr7,157601,G,A,0.4170666666666667,0.09987205451339866,0.33
1708,chr5,145385,T,C,0.3991290322580646,0.09295292019521825,0.33
1709,chr4,1096167,T,C,0.5332244897959184,0.11174809194980365,0.33
1710,chr4,1096152,A,C,0.5332244897959184,0.11174809194980365,0.33
1711,chr14,1034851,C,T,0.2924909090909091,0.10148688525512978,0.33
1712,chr14,872802,A,C,0.41003125,0.09103286843179575,0.33
1713,chr14,465265,G,A,0.3526060606060606,0.08664472697239696,0.33
1714,chr14,337415,T,C,0.45739622641509436,0.10051814601251807,0.33
1715,chr13,2733606,G,T,0.3315142857142857,0.08988039441506161,0.33
1716,chr13,2651632,C,T,0.35063636363636363,0.10710917944486863,0.33
1717,chr13,2110966,T,C,0.36952380952380953,0.11580195234061737,0.33
1718,chr13,1774926,C,T,0.36644615384615387,0.09919882666412169,0.33
1719,chr13,1265571,C,T,0.3537,0.11264603327929183,0.33
1720,chr13,738765,A,T,0.2998297872340425,0.09613064460702654,0.33
1721,chr13,301446,C,A,0.34115,0.09480521190909394,0.33
1722,chr12,1927229,T,C,0.3193518518518519,0.11003672755766722,0.33
1723,chr12,1546481,C,T,0.41103124999999996,0.10425480088736688,0.33
1724,chr12,817730,G,A,0.31221428571428567,0.12775313044173256,0.33
1725,chr12,350796,G,A,0.40634375000000006,0.09455849264738748,0.33
1726,chr14,1227031,C,A,0.4052923076923077,0.09257255989845936,0.33
1727,chr14,2160136,G,A,0.47300000000000003,0.10513324878457816,0.33
1728,chr14,2540639,G,A,0.43805555555555553,0.10619872058536417,0.33
1729,chr14,2619811,C,T,0.3805555555555555,0.08675764455590579,0.33
1730,chr4,831954,A,G,0.24014545454545452,0.09764057637520455,0.33
1731,chr4,793904,G,A,0.28646551724137936,0.10872147184066933,0.33
1732,chr4,529239,C,T,0.30285714285714277,0.08686583224179636,0.33
1733,chr4,515842,C,T,0.34830357142857143,0.08868902148782302,0.33
1734,chr4,487211,A,T,0.3246792452830189,0.08601783660848523,0.33
1735,chr3,916639,C,A,0.34278333333333333,0.09018288229973027,0.33
1736,chr3,124534,C,T,0.14198,0.10035335325839431,0.33
1737,chr8,526923,A,C,0.2878030303030303,0.08619820089091093,0.33
1738,chr2,800695,A,G,0.40676190476190477,0.10603418716586772,0.33
1739,chr2,207266,C,T,0.3455952380952381,0.12326633064001752,0.33
1740,chr2,206291,A,G,0.33561363636363634,0.12020064928607885,0.33
1741,chr2,199406,G,T,0.44955,0.10480358919279581,0.33
1742,chr14,2695923,G,A,0.37973684210526315,0.18087191358197938,0.33
1743,chr14,2695875,T,C,0.37973684210526315,0.18087191358197938,0.33
1744,chr14,2674607,C,T,0.3726349206349206,0.09281950948763874,0.33
1745,chr14,2630597,T,C,0.4079473684210526,0.087824132424584,0.33
1746,chr2,800017,G,A,0.38961538461538464,0.11404147058668904,0.33
1747,chr9,1379494,A,T,0.23905555555555558,0.08714040214237362,0.33
